Symbol,Price,Price > 50/150/200 MA,MA 50>150>200,200 MA Rising (1M),50 MA Rising,Within 25% of 52W High,30%+ Above 52W Low (Optional),Price > 10 MA,Price >= ₹50,Weekly Uptrend,150 MA Rising,Sufficient Volume,RS vs Nifty Strong,Nifty in Uptrend,Volatility Contracting,Volume Contracting,RS_Rating,Passed,Mandatory,FULL_VCP_SETUP,Note
ADANIENSOL,1702.2,True,True,True,True,True,True,True,True,True,True,True,True,False,True,True,98.5,13,14,False,
CUMMINSIND,5600.5,True,True,True,True,True,True,True,True,True,True,True,True,False,True,True,94.0,13,14,False,
FEDERALBNK,354.3,True,True,True,True,True,True,True,True,True,True,True,True,False,True,True,92.6,13,14,False,
MOTHERSON,145.55,True,True,True,True,True,True,True,True,True,True,True,True,False,True,True,89.9,13,14,False,
MARICO,855.6,True,True,True,True,True,False,True,True,True,True,True,True,False,True,True,80.3,13,14,False,
TITAN,4677.0,True,True,True,True,True,True,True,True,True,True,True,True,False,True,True,78.5,13,14,False,
HFCL,196.85,True,True,True,True,True,True,False,True,True,True,True,True,False,True,True,99.0,12,14,False,
SONACOMS,717.95,True,True,True,True,True,True,True,True,True,True,True,True,False,True,False,97.6,12,14,False,
ABB,7375.5,True,True,True,True,True,True,True,True,True,True,True,True,False,True,False,96.7,12,14,False,
LAURUSLABS,1601.2,True,True,True,True,True,True,True,True,True,True,True,True,False,False,True,95.8,12,14,False,
BHARATFORG,2151.6,True,True,True,True,True,True,False,True,True,True,True,True,False,True,True,95.4,12,14,False,
GRANULES,833.55,True,True,True,True,True,True,False,True,True,True,True,True,False,True,True,94.9,12,14,False,
ADANIENT,3026.4,True,True,True,True,True,True,False,True,True,True,True,True,False,True,True,94.4,12,14,False,
AARTIIND,477.8,True,True,True,True,True,True,False,True,True,True,True,True,False,True,True,93.5,12,14,False,
AUROPHARMA,1532.0,True,True,True,True,True,True,False,True,True,True,True,True,False,True,True,92.2,12,14,False,
ZYDUSLIFE,1108.7,True,True,True,True,True,True,False,True,True,True,True,True,False,True,True,90.8,12,14,False,
NYKAA,322.8,True,True,True,True,True,True,False,True,True,True,True,True,False,True,True,90.3,12,14,False,
NAVINFLUOR,7520.0,True,True,True,True,True,True,False,True,True,True,True,True,False,True,True,86.7,12,14,False,
APOLLOHOSP,8805.5,True,True,True,True,True,True,False,True,True,True,True,True,False,True,True,86.2,12,14,False,
BAJAJ-AUTO,11130.0,True,True,True,True,True,True,True,True,True,True,True,True,False,True,False,84.4,12,14,False,
SUNPHARMA,1941.1,True,True,True,True,True,False,False,True,True,True,True,True,False,True,True,83.0,12,14,False,
BOSCHLTD,41755.0,True,False,True,True,True,True,True,True,True,True,True,True,False,True,True,80.8,12,14,False,
MANAPPURAM,352.95,True,True,True,True,True,True,True,True,True,True,True,True,False,True,False,79.8,12,14,False,
LUPIN,2370.5,True,True,True,True,True,False,False,True,True,True,True,True,False,True,True,75.3,12,14,False,
ABCAPITAL,393.85,True,True,True,True,True,True,False,True,True,True,True,True,False,True,True,74.8,12,14,False,
GMRAIRPORT,107.12,True,True,True,True,True,False,False,True,True,True,True,True,False,True,True,72.5,12,14,False,
EICHERMOT,7628.0,True,True,True,True,True,True,True,True,True,True,True,False,False,True,True,65.2,12,14,False,
BHEL,417.3,True,True,True,True,True,True,True,True,True,True,True,True,False,False,False,98.1,11,14,False,
CGPOWER,867.7,False,True,True,True,True,True,False,True,True,True,True,True,False,True,True,97.2,11,14,False,
EXIDEIND,443.0,True,False,True,True,True,True,True,True,True,True,True,True,False,True,False,91.2,11,14,False,
SIEMENS,3689.8,True,True,True,False,True,True,True,True,False,True,True,True,False,True,True,89.4,11,14,False,
ADANIPORTS,1768.3,False,True,True,True,True,True,False,True,True,True,True,True,False,True,True,88.1,11,14,False,
TORNTPHARM,4961.5,True,True,True,True,True,True,False,True,True,True,True,True,False,True,False,87.6,11,14,False,
IPCALAB,1762.7,True,True,True,True,True,True,False,True,True,True,True,True,False,True,False,83.5,11,14,False,
DIVISLAB,7248.5,True,True,True,True,True,False,False,True,True,True,True,True,False,True,False,82.6,11,14,False,
GRASIM,3089.4,False,True,True,True,True,False,False,True,True,True,True,True,False,True,True,77.6,11,14,False,
NESTLEIND,1443.5,True,True,True,True,False,True,True,True,True,True,True,True,False,True,False,76.6,11,14,False,
OBEROIRLTY,1821.2,True,False,True,True,True,True,False,True,True,True,True,True,False,True,True,75.7,11,14,False,
BAJFINANCE,1012.8,True,False,True,True,True,False,False,True,True,True,True,True,False,True,True,71.2,11,14,False,
ICICIBANK,1432.9,True,False,True,True,True,False,True,True,True,True,True,False,False,True,True,62.0,11,14,False,
ADANIGREEN,1395.1,False,True,True,True,True,True,False,True,True,True,True,True,False,True,False,96.3,10,14,False,
OFSS,10652.0,True,True,True,True,True,True,False,True,True,True,True,True,False,False,False,93.1,10,14,False,
IDEA,13.13,False,True,True,True,True,True,False,False,True,True,True,True,False,True,True,85.8,10,14,False,
ATGL,652.85,False,False,True,True,True,True,False,True,True,True,True,True,False,True,True,85.3,10,14,False,
PAGEIND,40275.0,True,False,False,True,True,True,True,True,True,True,True,True,False,False,True,83.9,10,14,False,
DELHIVERY,462.55,False,False,True,True,True,False,False,True,True,True,True,True,False,True,True,82.1,10,14,False,
BIOCON,433.65,True,True,True,True,True,True,False,True,True,True,True,True,False,False,False,81.7,10,14,False,
JSWENERGY,551.65,False,True,True,True,True,False,False,True,False,True,True,True,False,True,True,78.9,10,14,False,
KEI,4868.0,False,True,True,True,True,True,False,True,False,True,True,True,False,True,True,78.0,10,14,False,
PFC,411.9,False,True,True,False,True,False,True,True,False,True,True,True,False,True,True,77.1,10,14,False,
GLENMARK,2192.0,False,True,True,False,True,False,False,True,True,True,True,True,False,True,True,76.2,10,14,False,
UNITDSPR,1467.2,True,False,True,True,True,False,True,True,True,False,True,True,False,True,False,74.4,10,14,False,
RBLBANK,352.9,False,True,True,True,True,True,False,True,True,True,True,True,False,True,False,73.9,10,14,False,
GODREJPROP,2028.7,True,False,True,True,True,True,False,True,True,False,True,True,False,True,True,73.0,10,14,False,
TVSMOTOR,3870.2,True,False,True,True,True,True,True,True,True,True,True,False,False,True,False,68.9,10,14,False,
INDUSINDBK,996.05,True,True,True,True,True,True,False,True,True,True,True,False,False,True,False,65.7,10,14,False,
LTF,302.4,True,True,True,True,True,True,False,True,True,True,True,False,False,True,False,62.5,10,14,False,
CHOLAFIN,1724.4,True,False,True,True,True,True,False,True,True,True,True,False,False,True,True,61.6,10,14,False,
SHRIRAMFIN,1005.1,True,False,True,True,True,True,False,True,True,True,True,False,False,True,True,59.3,10,14,False,
AUBANK,1004.0,False,True,True,True,True,True,False,True,True,True,True,False,False,True,True,49.3,10,14,False,
ALKEM,5633.5,True,False,True,True,True,False,True,True,True,False,True,False,False,True,True,46.5,10,14,False,
IDFCFIRSTB,80.79,True,False,True,True,True,True,True,True,True,False,True,False,False,True,True,45.2,10,14,False,
POWERGRID,288.2,False,True,False,False,True,False,True,True,False,True,True,True,False,True,True,79.4,9,14,False,
SAIL,161.45,False,True,True,False,True,True,False,True,False,True,True,True,False,True,True,73.5,9,14,False,
LODHA,1144.1,True,False,False,True,True,True,False,True,True,False,True,True,False,True,True,72.1,9,14,False,
PRESTIGE,1592.8,True,False,True,True,True,True,False,True,True,False,True,False,False,True,True,66.6,9,14,False,
HAL,4573.4,True,False,False,True,True,True,True,True,True,False,True,False,False,True,True,63.4,9,14,False,
M&MFIN,356.5,True,False,True,True,True,True,True,True,True,False,True,False,False,True,False,55.7,9,14,False,
POONAWALLA,459.7,True,False,True,True,True,False,False,True,True,False,True,False,False,True,True,52.5,9,14,False,
RECLTD,361.6,True,False,False,False,True,False,True,True,True,True,True,False,False,True,True,48.4,9,14,False,
DIXON,13846.0,True,False,False,True,False,True,False,True,True,False,True,True,False,True,True,91.7,8,14,False,
POLYCAB,8907.5,False,True,True,True,True,True,False,True,False,True,True,True,False,False,False,88.5,8,14,False,
KALYANKJIL,573.55,True,False,False,True,True,True,True,True,True,False,True,True,False,False,False,87.1,8,14,False,
TIINDIA,2767.0,False,False,False,True,True,False,False,True,False,True,True,True,False,True,True,84.9,8,14,False,
BANDHANBNK,165.93,False,True,True,True,True,False,False,True,False,True,True,True,False,False,False,81.2,8,14,False,
PIDILITIND,1570.9,True,False,False,True,False,False,False,True,True,True,True,True,False,True,False,70.3,8,14,False,
INDHOTEL,727.45,True,False,False,True,True,False,False,True,True,True,True,False,False,True,False,69.8,8,14,False,
TORNTPOWER,1434.1,False,False,True,False,True,False,True,True,False,True,True,False,False,True,True,69.3,8,14,False,
GNFC,503.05,False,False,True,True,True,True,True,True,False,True,True,False,False,False,True,68.4,8,14,False,
INDIGO,4985.0,True,False,False,True,True,False,False,True,True,False,True,False,False,True,True,68.0,8,14,False,
MAXHEALTH,1080.4,True,False,False,True,True,False,False,True,True,False,True,False,False,True,True,64.8,8,14,False,
GAIL,170.02,True,False,False,True,True,False,False,True,True,False,True,False,False,True,True,64.3,8,14,False,
TATACOMM,1775.3,False,False,True,True,True,True,False,True,False,True,True,False,False,True,True,60.7,8,14,False,
NMDC,83.56,False,True,True,False,True,False,False,True,False,True,True,False,False,True,True,59.8,8,14,False,
HINDALCO,942.8,False,True,True,False,True,True,False,True,False,True,True,False,False,True,True,57.9,8,14,False,
NTPC,347.2,False,False,True,False,True,False,True,True,False,True,True,False,False,True,True,56.6,8,14,False,
OIL,449.75,False,False,True,False,True,False,True,True,False,True,True,False,False,True,True,56.1,8,14,False,
COALINDIA,427.4,False,True,True,False,True,False,False,True,False,True,True,False,False,True,True,53.8,8,14,False,
NHPC,79.39,True,False,False,False,True,False,False,True,True,True,True,False,False,True,True,52.0,8,14,False,
YESBANK,22.95,False,False,True,True,True,True,False,False,True,True,True,False,False,True,True,48.8,8,14,False,
TATASTEEL,182.67,False,True,True,False,True,False,False,True,False,True,True,False,False,True,True,47.4,8,14,False,
PETRONET,274.7,False,False,True,True,True,False,False,True,False,True,True,False,False,True,True,45.6,8,14,False,
SHREECEM,26740.0,True,False,False,True,True,False,False,True,True,False,True,False,False,True,True,44.7,8,14,False,
ULTRACEMCO,11846.0,True,False,False,False,True,False,True,True,True,True,True,False,False,True,False,43.3,8,14,False,
ASIANPAINT,2637.9,False,False,True,True,True,False,False,True,True,False,True,False,False,True,True,42.9,8,14,False,
PAYTM,1283.2,True,False,True,True,True,True,False,True,True,False,True,False,False,True,False,42.4,8,14,False,
APLAPOLLO,1822.8,False,False,True,False,True,False,True,True,False,True,True,False,False,True,True,39.7,8,14,False,
VBL,457.2,False,True,True,False,True,False,False,True,False,True,True,False,False,True,True,35.1,8,14,False,
NAUKRI,1165.5,True,False,False,True,True,False,False,True,True,False,True,False,False,True,True,26.9,8,14,False,
DMART,4018.8,False,False,False,False,True,False,True,True,False,True,True,True,False,True,False,70.7,7,14,False,
JSWSTEEL,1240.8,False,True,True,False,True,False,False,True,False,True,True,False,False,True,False,66.2,7,14,False,
PVRINOX,1063.95,True,False,False,False,True,False,True,True,True,False,True,False,False,True,False,63.9,7,14,False,
CIPLA,1410.6,False,False,False,True,True,False,False,True,True,False,True,False,False,True,True,58.9,7,14,False,
ABBOTINDIA,28005.0,True,False,False,True,True,False,False,True,True,False,True,False,False,True,False,58.4,7,14,False,
JINDALSTEL,1035.8,False,False,True,False,True,False,False,True,False,True,True,False,False,True,True,54.7,7,14,False,
COLPAL,2086.1,False,False,False,False,True,False,True,True,True,False,True,False,False,True,True,52.9,7,14,False,
BEL,405.0,False,False,True,False,True,False,False,True,False,True,True,False,False,True,True,51.6,7,14,False,
HINDCOPPER,483.15,False,True,True,False,False,True,False,True,False,True,True,False,False,True,True,51.1,7,14,False,
LT,3785.6,False,True,True,False,True,False,False,True,False,False,True,False,False,True,True,50.6,7,14,False,
SBIN,1015.0,False,False,True,False,True,False,False,True,False,True,True,False,False,True,True,47.9,7,14,False,
BERGEPAINT,497.95,False,False,False,True,True,False,True,True,False,False,True,False,False,True,True,43.8,7,14,False,
NATIONALUM,343.9,False,True,True,False,True,True,False,True,False,True,True,False,False,False,True,42.0,7,14,False,
AXISBANK,1227.3,False,True,True,False,True,False,False,True,False,True,True,False,False,True,False,41.1,7,14,False,
BAJAJFINSV,1876.7,False,False,False,True,True,False,True,True,True,False,True,False,False,True,False,39.2,7,14,False,
TECHM,1559.5,True,False,False,True,True,False,True,True,True,False,True,False,False,False,False,38.8,7,14,False,
CDSL,1333.1,False,False,False,True,True,False,False,True,True,False,True,False,False,True,True,38.3,7,14,False,
SBILIFE,1858.6,False,False,True,False,True,False,True,True,False,False,True,False,False,True,True,31.0,7,14,False,
DEEPAKNTR,1649.6,False,False,False,False,True,False,False,True,False,True,True,True,False,True,False,71.6,6,14,False,
CESC,163.18,False,False,True,False,True,False,False,True,False,False,True,False,False,True,True,67.5,6,14,False,
LICHSGFIN,538.95,False,False,False,False,True,False,False,True,True,False,True,False,False,True,True,60.2,6,14,False,
ONGC,248.76,False,False,True,False,True,False,False,True,False,False,True,False,False,True,True,57.5,6,14,False,
ASTRAL,1468.1,False,False,False,False,True,False,True,True,False,False,True,False,False,True,True,57.0,6,14,False,
DRREDDY,1151.7,False,True,False,False,True,False,False,True,False,True,True,False,False,True,False,50.2,6,14,False,
CHAMBLFERT,431.0,False,False,False,True,False,False,False,True,False,True,True,False,False,True,True,49.7,6,14,False,
UNIONBANK,170.5,False,False,True,False,True,True,False,True,False,True,True,False,False,True,False,47.0,6,14,False,
JKCEMENT,5649.0,True,False,False,False,False,False,True,True,True,False,True,False,False,True,False,44.3,6,14,False,
BHARTIARTL,1898.2,False,False,False,True,True,False,False,True,False,False,True,False,False,True,True,40.6,6,14,False,
KOTAKBANK,384.75,False,False,False,True,False,False,True,True,False,False,True,False,False,True,True,37.9,6,14,False,
INDUSTOWER,394.6,False,False,True,False,True,False,False,True,False,False,True,False,False,True,True,33.8,6,14,False,
HINDUNILVR,2145.0,False,False,False,False,True,False,True,True,False,False,True,False,False,True,True,33.3,6,14,False,
BANKINDIA,142.62,False,False,True,False,True,True,False,True,False,False,True,False,False,True,True,31.9,6,14,False,
HEROMOTOCO,5011.1,False,False,False,False,True,False,True,True,False,False,True,False,False,True,True,29.2,6,14,False,
CANFINHOME,813.9,False,False,True,True,True,False,False,True,False,False,True,False,False,True,False,28.7,6,14,False,
M&M,3161.4,False,False,False,False,True,False,True,True,False,False,True,False,False,True,True,25.5,6,14,False,
COFORGE,1484.7,False,False,False,True,False,True,False,True,True,False,True,False,False,True,True,23.7,6,14,False,
BPCL,310.15,False,False,False,True,True,False,False,True,False,False,True,False,False,True,True,22.8,6,14,False,
MARUTI,13442.0,False,False,False,True,True,False,False,True,False,False,True,False,False,True,True,21.4,6,14,False,
APOLLOTYRE,419.65,False,False,False,True,True,False,False,True,False,False,True,False,False,True,True,17.8,6,14,False,
ASHOKLEY,151.07,False,False,True,False,False,True,False,True,False,True,True,False,False,True,True,16.4,6,14,False,
CANBK,125.65,False,False,True,False,True,False,False,True,False,False,True,False,False,True,True,15.1,6,14,False,
BANKBARODA,246.45,False,False,True,False,True,False,False,True,False,False,True,False,False,True,True,14.6,6,14,False,
METROPOLIS,570.25,False,False,False,True,False,True,True,True,False,False,True,False,False,True,True,0.9,6,14,False,
CAMS,761.45,False,False,False,True,False,False,False,True,False,False,True,False,False,True,True,67.1,5,14,False,
TATAPOWER,374.4,False,False,False,False,True,False,False,True,False,False,True,False,False,True,True,63.0,5,14,False,
DLF,645.2,False,False,False,True,True,True,False,True,True,False,True,False,False,False,False,54.3,5,14,False,
SUPREMEIND,3458.9,False,False,False,False,False,False,True,True,False,False,True,False,False,True,True,53.4,5,14,False,
POLICYBZR,1537.2,False,False,False,False,True,False,False,True,False,False,True,False,False,True,True,41.5,5,14,False,
VOLTAS,1327.3,False,False,False,False,True,False,False,True,False,False,True,False,False,True,True,40.1,5,14,False,
UBL,1398.6,False,False,False,False,False,False,True,True,False,False,True,False,False,True,True,37.4,5,14,False,
MFSL,1515.5,False,False,False,False,True,False,False,True,False,False,True,False,False,True,True,36.5,5,14,False,
MRF,130755.0,False,False,False,False,True,False,False,True,False,False,True,False,False,True,True,36.0,5,14,False,
TATACONSUM,1088.0,False,False,False,False,True,False,False,True,False,False,True,False,False,True,True,35.6,5,14,False,
BRITANNIA,5379.5,False,False,False,False,True,False,False,True,False,False,True,False,False,True,True,34.2,5,14,False,
HUDCO,195.54,False,False,False,False,True,False,False,True,False,False,True,False,False,True,True,32.8,5,14,False,
NBCC,93.84,False,False,False,True,False,False,False,True,False,False,True,False,False,True,True,31.5,5,14,False,
SRF,2664.7,False,False,False,True,True,False,False,True,False,False,True,False,False,True,False,27.8,5,14,False,
JSL,714.25,False,False,False,False,True,False,False,True,False,False,True,False,False,True,True,27.4,5,14,False,
RELIANCE,1278.0,False,False,False,False,True,False,False,True,False,False,True,False,False,True,True,26.5,5,14,False,
ITC,283.45,False,False,False,False,False,False,True,True,False,False,True,False,False,True,True,25.1,5,14,False,
HAVELLS,1226.9,False,False,False,False,True,False,True,True,False,False,True,False,False,True,False,24.6,5,14,False,
GODREJCP,1059.5,False,False,False,False,True,False,False,True,False,False,True,False,False,True,True,23.3,5,14,False,
RAMCOCEM,914.8,False,False,False,False,True,False,False,True,False,False,True,False,False,True,True,22.4,5,14,False,
COROMANDEL,1980.8,False,False,False,True,False,False,False,True,False,False,True,False,False,True,True,21.9,5,14,False,
PIIND,2731.2,False,False,False,False,False,False,True,True,False,False,True,False,False,True,True,20.1,5,14,False,
PNB,110.38,False,False,False,False,True,False,True,True,False,False,True,False,False,True,False,19.6,5,14,False,
PERSISTENT,5200.5,False,False,False,False,True,False,True,True,False,False,True,False,False,False,True,16.0,5,14,False,
CUB,219.75,False,False,True,False,False,False,False,True,False,False,True,False,False,True,True,15.5,5,14,False,
HDFCBANK,742.8,False,False,False,True,False,False,False,True,False,False,True,False,False,True,True,14.1,5,14,False,
MPHASIS,2288.1,False,False,False,True,True,False,False,True,False,False,True,False,False,True,False,13.7,5,14,False,
MUTHOOTFIN,2986.7,False,False,True,False,False,False,False,True,False,False,True,False,False,True,True,9.1,5,14,False,
TRENT,2890.5,False,False,False,False,False,False,True,True,False,False,True,False,False,True,True,7.8,5,14,False,
WIPRO,177.12,False,False,False,False,False,False,True,True,False,False,True,False,False,True,True,5.5,5,14,False,
VEDL,264.65,False,False,False,False,False,False,True,True,False,False,True,False,False,True,True,1.4,5,14,False,
MCX,2730.0,False,False,False,False,False,True,False,True,False,False,True,True,False,False,True,89.0,4,14,False,
MGL,1077.0,False,False,False,False,False,False,False,True,False,False,True,False,False,True,True,61.1,4,14,False,
CROMPTON,250.15,False,False,False,False,False,False,False,True,False,False,True,False,False,True,True,55.2,4,14,False,
CONCOR,477.55,False,False,False,False,True,False,False,True,False,False,True,False,False,True,False,37.0,4,14,False,
NCC,137.09,False,False,False,False,False,False,False,True,False,False,True,False,False,True,True,34.7,4,14,False,
TATACHEM,685.35,False,False,False,False,False,False,False,True,False,False,True,False,False,True,True,32.4,4,14,False,
IEX,124.26,False,False,False,False,False,False,True,True,False,False,True,False,False,True,False,30.6,4,14,False,
SUNTV,486.9,False,False,False,False,False,False,False,True,False,False,True,False,False,True,True,29.7,4,14,False,
SJVN,67.58,False,False,False,False,False,False,False,True,False,False,True,False,False,True,True,28.3,4,14,False,
LTTS,3418.1,False,False,False,False,False,False,True,True,False,False,True,False,False,True,False,26.0,4,14,False,
IOC,138.47,False,False,False,False,False,False,False,True,False,False,True,False,False,True,True,24.2,4,14,False,
DALBHARAT,1810.8,False,False,False,False,False,False,False,True,False,False,True,False,False,True,True,20.5,4,14,False,
HINDPETRO,381.1,False,False,False,True,False,False,False,True,False,False,True,False,False,True,False,19.2,4,14,False,
GUJGASLTD,327.05,False,False,False,True,False,False,False,True,False,False,True,False,False,True,False,18.7,4,14,False,
IGL,149.33,False,False,False,False,False,False,False,True,False,False,True,False,False,True,True,18.2,4,14,False,
BALKRISIND,2013.5,False,False,False,False,False,False,False,True,False,False,True,False,False,True,True,17.3,4,14,False,
DABUR,423.2,False,False,False,False,False,False,False,True,False,False,True,False,False,True,True,16.9,4,14,False,
JUBLFOOD,418.25,False,False,False,False,False,False,False,True,False,False,True,False,False,True,True,13.2,4,14,False,
ESCORTS,2905.1,False,False,False,False,False,False,False,True,False,False,True,False,False,True,True,12.8,4,14,False,
ABFRL,56.25,False,False,False,False,False,False,False,True,False,False,True,False,False,True,True,12.3,4,14,False,
IRCTC,495.05,False,False,False,False,False,False,False,True,False,False,True,False,False,True,True,11.9,4,14,False,
AMBUJACEM,425.15,False,False,False,False,False,False,False,True,False,False,True,False,False,True,True,10.9,4,14,False,
BATAINDIA,689.95,False,False,False,False,False,False,True,True,False,False,True,False,False,False,True,10.5,4,14,False,
ACC,1340.9,False,False,False,False,False,False,False,True,False,False,True,False,False,True,True,10.0,4,14,False,
UPL,602.45,False,False,False,False,False,False,False,True,False,False,True,False,False,True,True,9.6,4,14,False,
HDFCLIFE,555.05,False,False,False,False,False,False,False,True,False,False,True,False,False,True,True,8.7,4,14,False,
IRFC,87.62,False,False,False,False,False,False,False,True,False,False,True,False,False,True,True,6.4,4,14,False,
TCS,2254.3,False,False,False,False,False,False,True,True,False,False,True,False,False,False,True,5.9,4,14,False,
BSOFT,282.4,False,False,False,False,False,False,False,True,False,False,True,False,False,True,True,4.6,4,14,False,
SYNGENE,406.65,False,False,False,False,False,False,False,True,False,False,True,False,False,True,True,4.1,4,14,False,
LICI,421.3,False,False,False,False,False,False,False,True,False,False,True,False,False,True,True,2.7,4,14,False,
ANGELONE,307.95,False,False,False,True,False,True,False,True,False,False,True,False,False,True,False,0.5,4,14,False,
HDFCAMC,2505.7,False,False,False,False,False,False,False,True,False,False,True,False,False,True,False,46.1,3,14,False,
ICICIGI,1661.8,False,False,False,False,True,False,False,True,False,False,True,False,False,False,False,30.1,3,14,False,
JIOFIN,234.71,False,False,False,False,False,False,False,True,False,False,True,False,False,True,False,21.0,3,14,False,
HCLTECH,1271.0,False,False,False,False,False,False,True,True,False,False,True,False,False,False,False,8.2,3,14,False,
ICICIPRULI,500.55,False,False,False,False,False,False,False,True,False,False,True,False,False,True,False,7.3,3,14,False,
SBICARD,618.75,False,False,False,False,False,False,False,True,False,False,True,False,False,True,False,6.8,3,14,False,
INFY,1040.9,False,False,False,False,False,False,False,True,False,False,True,False,False,False,True,3.2,3,14,False,
KPITTECH,583.2,False,False,False,False,False,False,True,True,False,False,True,False,False,False,False,2.3,3,14,False,
IRB,19.61,False,False,False,False,False,False,False,False,False,False,True,False,False,True,True,1.8,3,14,False,
INDIAMART,1759.9,False,False,False,False,False,False,False,True,False,False,True,False,False,False,False,11.4,2,14,False,
PATANJALI,340.95,False,False,False,False,False,False,False,True,False,False,True,False,False,False,False,5.0,2,14,False,
TATAELXSI,3538.0,False,False,False,False,False,False,False,True,False,False,True,False,False,False,False,3.6,2,14,False,
LTIM,,False,False,False,False,False,False,False,False,False,False,False,False,False,False,False,,0,14,False,"insufficient history (225 rows, need 278)"
PEL,,False,False,False,False,False,False,False,False,False,False,False,False,False,False,False,,0,14,False,"insufficient history (118 rows, need 278)"
TATAMOTORS,,False,False,False,False,False,False,False,False,False,False,False,False,False,False,False,,0,14,False,"insufficient history (139 rows, need 278)"
ZOMATO,,False,False,False,False,False,False,False,False,False,False,False,False,False,False,False,,0,14,False,"insufficient history (5 rows, need 278)"
