date,nifty_close,india_vix
2016-08-01,8636.55,15.18
2016-08-02,8622.9,15.69
2016-08-03,8544.85,16.24
2016-08-04,8551.1,15.14
2016-08-05,8683.15,14.35
2016-08-08,8711.35,14.59
2016-08-09,8678.25,14.54
2016-08-10,8575.3,14.92
2016-08-11,8592.15,14.21
2016-08-12,8592.15,13.77
2016-08-16,8642.55,14.18
2016-08-17,8624.05,14.78
2016-08-18,8673.25,14.55
2016-08-19,8666.9,14.54
2016-08-22,8629.15,14.24
2016-08-23,8632.6,13.9
2016-08-24,8650.3,13.49
2016-08-25,8592.2,13.29
2016-08-26,8572.55,13.57
2016-08-29,8607.45,13.17
2016-08-30,8744.35,13.02
2016-08-31,8786.2,13.24
2016-09-01,8774.65,13.34
2016-09-02,8809.65,12.94
2016-09-06,8943.0,12.75
2016-09-07,8917.95,13.15
2016-09-08,8952.5,13.12
2016-09-09,8866.7,13.23
2016-09-12,8715.6,15.24
2016-09-14,8726.6,14.76
2016-09-15,8742.55,14.68
2016-09-16,8779.85,14.58
2016-09-19,8808.4,14.94
2016-09-20,8775.9,14.78
2016-09-21,8777.15,14.81
2016-09-22,8867.45,13.34
2016-09-23,8831.55,13.25
2016-09-26,8723.05,14.57
2016-09-27,8706.4,14.25
2016-09-28,8745.15,13.85
2016-09-29,8591.25,18.45
2016-09-30,8611.15,17.18
2016-10-03,8738.1,15.62
2016-10-04,8769.15,14.99
2016-10-05,8743.95,14.93
2016-10-06,8709.55,14.84
2016-10-07,8697.6,14.49
2016-10-10,8708.8,14.29
2016-10-13,8573.35,15.43
2016-10-14,8583.4,14.89
2016-10-17,8520.4,15.66
2016-10-18,8677.9,14.54
2016-10-19,8659.1,14.61
2016-10-20,8699.4,14.17
2016-10-21,8693.05,13.83
2016-10-24,8708.95,14.33
2016-10-25,8691.3,14.48
2016-10-26,8615.25,14.45
2016-10-27,8615.25,14.09
2016-10-28,8638.0,14.65
2016-11-01,8626.25,15.74
2016-11-02,8514.0,16.8
2016-11-03,8484.95,16.47
2016-11-04,8433.75,16.85
2016-11-07,8497.05,16.51
2016-11-08,8543.55,16.77
2016-11-09,8432.0,16.62
2016-11-10,8525.75,15.46
2016-11-11,8296.3,17.36
2016-11-15,8108.45,20.15
2016-11-16,8111.6,19.5
2016-11-17,8079.95,18.71
2016-11-18,8074.1,17.81
2016-11-21,7929.1,19.1
2016-11-22,8002.3,18.47
2016-11-23,8033.3,18.04
2016-11-24,7965.5,17.16
2016-11-25,8114.3,17.61
2016-11-28,8126.9,18.06
2016-11-29,8142.15,17.71
2016-11-30,8224.5,16.85
2016-12-01,8192.9,16.69
2016-12-02,8086.8,17.93
2016-12-05,8128.75,17.29
2016-12-06,8143.15,17.11
2016-12-07,8102.05,16.85
2016-12-08,8246.85,15.53
2016-12-09,8261.75,15.07
2016-12-12,8170.8,16.19
2016-12-13,8221.8,15.92
2016-12-14,8182.45,16.59
2016-12-15,8153.6,15.66
2016-12-16,8139.45,15.25
2016-12-19,8104.35,14.84
2016-12-20,8082.4,14.54
2016-12-21,8061.3,14.71
2016-12-22,7979.1,15.55
2016-12-23,7985.75,15.13
2016-12-26,7908.25,16.6
2016-12-27,8032.85,15.08
2016-12-28,8034.85,15.54
2016-12-29,8103.6,15.28
2016-12-30,8185.8,15.47
2017-01-02,8179.5,15.83
2017-01-03,8192.25,15.96
2017-01-04,8190.5,15.89
2017-01-05,8273.8,15.05
2017-01-06,8243.8,14.91
2017-01-09,8236.05,15.48
2017-01-10,8288.6,15.2
2017-01-11,8380.65,14.81
2017-01-12,8407.2,14.61
2017-01-13,8400.35,14.38
2017-01-16,8412.8,15.07
2017-01-17,8398.0,15.39
2017-01-18,8417.0,15.18
2017-01-19,8435.1,15.02
2017-01-20,8349.35,15.79
2017-01-23,8391.5,15.91
2017-01-24,8475.8,15.29
2017-01-25,8602.75,15.17
2017-01-27,8641.25,16.01
2017-01-30,8632.75,16.67
2017-01-31,8561.3,16.83
2017-02-01,8716.4,13.97
2017-02-02,8734.25,13.52
2017-02-03,8740.95,13.13
2017-02-06,8801.05,13.4
2017-02-07,8768.3,13.51
2017-02-08,8769.05,13.35
2017-02-09,8778.4,13.24
2017-02-10,8793.55,13.18
2017-02-13,8805.05,13.69
2017-02-14,8792.3,13.8
2017-02-15,8724.7,14.21
2017-02-16,8778.0,13.73
2017-02-17,8821.7,13.43
2017-02-20,8879.2,13.61
2017-02-21,8907.85,13.53
2017-02-22,8926.9,13.7
2017-02-23,8939.5,13.4
2017-02-27,8896.7,13.68
2017-02-28,8879.6,13.79
2017-03-01,8945.8,13.58
2017-03-02,8899.75,13.36
2017-03-03,8897.55,13.35
2017-03-06,8963.45,13.64
2017-03-07,8946.9,13.88
2017-03-08,8924.3,14.08
2017-03-09,8927.0,14.39
2017-03-10,8934.55,13.96
2017-03-14,9087.0,12.4
2017-03-15,9084.8,12.42
2017-03-16,9153.7,11.91
2017-03-17,9160.05,11.85
2017-03-20,9126.85,12.02
2017-03-21,9121.5,11.94
2017-03-22,9030.45,12.27
2017-03-23,9086.3,11.84
2017-03-24,9108.0,11.98
2017-03-27,9045.2,12.44
2017-03-28,9100.8,12.12
2017-03-29,9143.8,12.09
2017-03-30,9173.75,12.15
2017-03-31,9173.75,12.42
2017-04-03,9237.85,11.49
2017-04-05,9265.15,11.55
2017-04-06,9261.95,11.29
2017-04-07,9198.3,11.69
2017-04-10,9181.45,11.62
2017-04-11,9237.0,11.4
2017-04-12,9203.45,11.63
2017-04-13,9150.8,11.58
2017-04-17,9139.3,11.89
2017-04-18,9105.15,12.38
2017-04-19,9103.5,12.22
2017-04-20,9136.4,11.56
2017-04-21,9119.4,11.42
2017-04-24,9217.95,11.63
2017-04-25,9306.6,11.16
2017-04-26,9351.85,11.74
2017-04-27,9342.15,11.07
2017-04-28,9304.05,10.86
2017-05-02,9313.8,11.45
2017-05-03,9311.95,11.53
2017-05-04,9359.9,11.33
2017-05-05,9285.3,11.99
2017-05-08,9314.05,11.67
2017-05-09,9316.85,11.11
2017-05-10,9407.3,10.95
2017-05-11,9422.4,10.84
2017-05-12,9400.9,10.63
2017-05-15,9445.4,10.68
2017-05-16,9512.25,10.56
2017-05-17,9525.75,10.64
2017-05-18,9429.45,11.79
2017-05-19,9427.9,11.3
2017-05-22,9438.25,11.2
2017-05-23,9386.15,12.2
2017-05-24,9360.55,11.83
2017-05-25,9509.75,10.45
2017-05-26,9595.1,10.86
2017-05-29,9604.9,11.79
2017-05-30,9624.55,11.77
2017-05-31,9621.25,11.76
2017-06-01,9616.1,11.31
2017-06-02,9653.5,10.81
2017-06-05,9675.1,11.02
2017-06-06,9637.15,11.13
2017-06-07,9663.9,10.89
2017-06-08,9647.25,11.07
2017-06-09,9668.25,10.86
2017-06-12,9616.4,11.42
2017-06-13,9606.9,11.34
2017-06-14,9618.15,11.18
2017-06-15,9578.05,11.33
2017-06-16,9588.05,10.92
2017-06-19,9657.55,10.63
2017-06-20,9653.5,10.66
2017-06-21,9633.6,10.92
2017-06-22,9630.0,11.21
2017-06-23,9574.95,11.56
2017-06-27,9511.4,12.51
2017-06-28,9491.25,11.99
2017-06-29,9504.1,11.38
2017-06-30,9520.9,11.73
2017-07-03,9615.0,11.2
2017-07-04,9613.3,11.28
2017-07-05,9637.6,11.15
2017-07-06,9674.55,10.98
2017-07-07,9665.8,10.87
2017-07-10,9771.05,10.91
2017-07-11,9786.05,10.89
2017-07-12,9816.1,11.05
2017-07-13,9891.7,11.25
2017-07-14,9886.35,11.17
2017-07-17,9915.95,11.46
2017-07-18,9827.15,11.49
2017-07-19,9899.6,11.26
2017-07-20,9873.3,11.32
2017-07-21,9915.25,11.09
2017-07-24,9966.4,11.31
2017-07-25,9964.55,10.91
2017-07-26,10020.65,11.17
2017-07-27,10020.55,11.22
2017-07-28,10014.5,11.14
2017-07-31,10077.1,11.9
2017-08-01,10114.65,11.91
2017-08-02,10081.5,11.94
2017-08-03,10013.65,11.64
2017-08-04,10066.4,11.39
2017-08-07,10057.4,11.9
2017-08-08,9978.55,12.77
2017-08-09,9908.05,13.45
2017-08-10,9820.25,13.8
2017-08-11,9710.8,15.2
2017-08-14,9794.15,14.38
2017-08-16,9897.3,14.24
2017-08-17,9904.15,14.34
2017-08-18,9837.4,14.57
2017-08-21,9754.35,14.82
2017-08-22,9765.55,14.11
2017-08-23,9852.5,13.18
2017-08-24,9857.05,12.57
2017-08-28,9912.8,12.64
2017-08-29,9796.05,13.54
2017-08-30,9884.4,12.89
2017-08-31,9917.9,11.95
2017-09-01,9974.4,11.68
2017-09-04,9912.85,13.17
2017-09-05,9952.2,12.89
2017-09-06,9916.2,13.12
2017-09-07,9929.9,13.01
2017-09-08,9934.8,12.96
2017-09-11,10006.05,12.36
2017-09-12,10093.05,11.76
2017-09-13,10079.3,11.76
2017-09-14,10086.6,11.47
2017-09-15,10085.4,11.68
2017-09-18,10153.1,11.44
2017-09-19,10147.55,11.47
2017-09-20,10141.15,11.63
2017-09-21,10121.9,11.63
2017-09-22,9964.4,12.81
2017-09-25,9872.6,13.34
2017-09-26,9871.5,12.93
2017-09-27,9735.75,13.86
2017-09-28,9768.95,13.17
2017-09-29,9788.6,12.49
2017-10-03,9859.5,12.46
2017-10-04,9914.9,11.8
2017-10-05,9888.7,11.71
2017-10-06,9979.7,11.12
2017-10-09,9988.75,11.39
2017-10-10,10016.95,11.11
2017-10-11,9984.8,11.73
2017-10-12,10096.4,11.04
2017-10-13,10167.45,11.26
2017-10-16,10230.85,11.31
2017-10-17,10234.45,11.61
2017-10-18,10210.85,11.54
2017-10-19,10146.55,12.4
2017-10-23,10184.85,12.33
2017-10-24,10207.7,11.59
2017-10-25,10295.35,11.76
2017-10-26,10343.8,11.62
2017-10-27,10323.05,11.48
2017-10-30,10363.65,12.11
2017-10-31,10335.3,12.44
2017-11-01,10440.5,12.14
2017-11-02,10423.8,12.01
2017-11-03,10452.5,11.91
2017-11-06,10451.8,13.02
2017-11-07,10350.15,13.24
2017-11-08,10303.15,13.61
2017-11-09,10308.95,13.27
2017-11-10,10321.75,13.48
2017-11-13,10224.95,14.05
2017-11-14,10186.6,14.17
2017-11-15,10118.05,14.27
2017-11-16,10214.75,13.46
2017-11-17,10283.6,13.71
2017-11-20,10298.75,13.43
2017-11-21,10326.9,13.72
2017-11-22,10342.3,14.04
2017-11-23,10348.75,13.87
2017-11-24,10389.7,13.51
2017-11-27,10399.55,13.03
2017-11-28,10370.25,13.15
2017-11-29,10361.3,13.06
2017-11-30,10226.55,13.55
2017-12-01,10121.8,14.8
2017-12-04,10127.75,14.86
2017-12-05,10118.25,15.01
2017-12-06,10044.1,15.09
2017-12-07,10166.7,14.27
2017-12-08,10265.65,13.67
2017-12-11,10322.25,14.15
2017-12-12,10240.15,15.26
2017-12-13,10192.95,15.95
2017-12-14,10252.1,16.41
2017-12-15,10333.25,14.94
2017-12-18,10388.75,13.12
2017-12-19,10463.2,12.19
2017-12-20,10444.2,12.19
2017-12-21,10440.3,12.09
2017-12-22,10493.0,11.59
2017-12-26,10531.5,12.05
2017-12-27,10490.75,12.49
2017-12-28,10477.9,12.3
2017-12-29,10530.7,12.67
2018-01-01,10530.7,13.35
2018-01-02,10442.2,13.69
2018-01-03,10443.2,13.62
2018-01-04,10504.8,13.42
2018-01-05,10558.85,13.11
2018-01-08,10623.6,13.74
2018-01-09,10637.0,13.85
2018-01-10,10632.2,14.04
2018-01-11,10651.2,14.01
2018-01-12,10681.25,13.73
2018-01-15,10741.55,14.31
2018-01-16,10700.45,14.09
2018-01-17,10788.55,13.86
2018-01-18,10817.0,13.96
2018-01-19,10894.7,13.98
2018-01-22,10966.2,15.39
2018-01-23,11083.7,16.23
2018-01-24,11086.0,18.04
2018-01-25,11069.65,17.51
2018-01-29,11130.4,17.89
2018-01-30,11049.65,16.42
2018-01-31,11027.7,15.93
2018-02-01,11016.9,14.11
2018-02-02,10760.6,15.25
2018-02-05,10666.55,16.05
2018-02-06,10498.25,20.02
2018-02-07,10476.7,19.47
2018-02-08,10576.85,17.77
2018-02-09,10454.95,19.23
2018-02-12,10539.75,17.88
2018-02-14,10500.9,17.18
2018-02-15,10545.5,16.32
2018-02-16,10452.3,16.38
2018-02-19,10378.4,16.67
2018-02-20,10360.4,16.87
2018-02-21,10397.45,15.92
2018-02-22,10382.7,14.83
2018-02-23,10491.05,14.2
2018-02-26,10582.6,13.7
2018-02-27,10554.3,13.92
2018-02-28,10492.85,13.81
2018-03-01,10458.35,14.07
2018-03-05,10358.85,15.4
2018-03-06,10249.25,16.25
2018-03-07,10154.2,15.7
2018-03-08,10242.65,14.59
2018-03-09,10226.85,14.53
2018-03-12,10421.4,14.49
2018-03-13,10426.85,14.46
2018-03-14,10410.9,14.36
2018-03-15,10360.15,14.33
2018-03-16,10195.15,15.22
2018-03-19,10094.25,15.82
2018-03-20,10124.35,15.61
2018-03-21,10155.25,15.11
2018-03-22,10114.75,15.25
2018-03-23,9998.05,15.55
2018-03-26,10130.65,15.2
2018-03-27,10184.15,15.55
2018-03-28,10113.7,15.76
2018-04-02,10211.8,15.35
2018-04-03,10245.0,15.19
2018-04-04,10128.4,16.34
2018-04-05,10325.15,14.8
2018-04-06,10331.6,14.75
2018-04-09,10379.35,14.87
2018-04-10,10402.25,14.5
2018-04-11,10417.15,14.72
2018-04-12,10458.65,14.56
2018-04-13,10480.6,14.14
2018-04-16,10528.35,14.26
2018-04-17,10548.7,14.04
2018-04-18,10526.2,14.11
2018-04-19,10565.3,13.75
2018-04-20,10564.05,12.94
2018-04-23,10584.7,13.15
2018-04-24,10614.35,11.9
2018-04-25,10570.55,12.4
2018-04-26,10617.8,12.04
2018-04-27,10692.3,12.02
2018-04-30,10739.35,12.36
2018-05-02,10718.05,12.84
2018-05-03,10679.65,12.99
2018-05-04,10618.25,13.25
2018-05-07,10715.5,13.76
2018-05-08,10717.8,14.06
2018-05-09,10741.7,14.27
2018-05-10,10716.55,14.43
2018-05-11,10806.5,13.98
2018-05-14,10806.6,14.25
2018-05-15,10801.85,13.17
2018-05-16,10741.1,13.44
2018-05-17,10682.7,13.41
2018-05-18,10596.4,14.15
2018-05-21,10516.7,14.41
2018-05-22,10536.7,13.6
2018-05-23,10430.35,14.16
2018-05-24,10513.85,13.15
2018-05-25,10605.15,12.65
2018-05-28,10688.65,13.06
2018-05-29,10633.3,13.07
2018-05-30,10614.35,13.41
2018-05-31,10736.15,13.22
2018-06-01,10696.2,13.57
2018-06-04,10628.5,13.88
2018-06-05,10593.15,13.32
2018-06-06,10684.65,12.55
2018-06-07,10768.35,12.78
2018-06-08,10767.65,12.7
2018-06-11,10786.95,13.18
2018-06-12,10842.85,12.73
2018-06-13,10856.7,12.64
2018-06-14,10808.05,12.1
2018-06-15,10817.7,12.07
2018-06-18,10799.85,12.38
2018-06-19,10710.45,12.92
2018-06-20,10772.05,12.17
2018-06-21,10741.1,12.45
2018-06-22,10821.85,12.02
2018-06-25,10762.45,12.58
2018-06-26,10769.15,12.8
2018-06-27,10671.4,13.51
2018-06-28,10589.1,13.95
2018-06-29,10714.3,12.94
2018-07-02,10657.3,13.37
2018-07-03,10699.9,13.0
2018-07-04,10769.9,12.66
2018-07-05,10749.75,12.58
2018-07-06,10772.65,12.44
2018-07-09,10852.9,12.39
2018-07-10,10947.25,12.4
2018-07-11,10948.3,12.78
2018-07-12,11023.2,12.51
2018-07-13,11018.9,12.3
2018-07-16,10936.85,12.95
2018-07-17,11008.05,12.83
2018-07-18,10980.45,13.68
2018-07-19,10957.1,13.59
2018-07-20,11010.2,13.54
2018-07-23,11084.75,13.01
2018-07-24,11134.3,12.47
2018-07-25,11132.0,12.21
2018-07-26,11167.3,12.03
2018-07-27,11278.35,12.31
2018-07-30,11319.55,12.59
2018-07-31,11356.5,12.48
2018-08-01,11346.2,12.53
2018-08-02,11244.7,12.56
2018-08-03,11360.8,12.08
2018-08-06,11387.1,12.56
2018-08-07,11389.45,12.58
2018-08-08,11450.0,12.54
2018-08-09,11470.7,12.68
2018-08-10,11429.5,12.85
2018-08-13,11355.75,13.4
2018-08-14,11435.1,13.28
2018-08-16,11385.05,13.65
2018-08-17,11470.75,13.16
2018-08-20,11551.75,13.03
2018-08-21,11570.9,12.9
2018-08-23,11582.75,12.76
2018-08-24,11557.1,12.41
2018-08-27,11691.95,12.24
2018-08-28,11738.5,12.43
2018-08-29,11691.9,12.44
2018-08-30,11676.8,12.41
2018-08-31,11680.5,12.6
2018-09-03,11582.35,13.39
2018-09-04,11520.3,13.78
2018-09-05,11476.95,13.65
2018-09-06,11536.9,13.72
2018-09-07,11589.1,13.89
2018-09-10,11438.1,15.2
2018-09-11,11287.5,15.33
2018-09-12,11369.9,14.25
2018-09-14,11515.2,13.84
2018-09-17,11377.75,14.5
2018-09-18,11278.9,14.42
2018-09-19,11234.35,14.01
2018-09-21,11143.1,15.54
2018-09-24,10967.4,17.43
2018-09-25,11067.45,16.68
2018-09-26,11053.8,17.09
2018-09-27,10977.55,16.92
2018-09-28,10930.45,17.0
2018-10-01,11008.3,16.84
2018-10-03,10858.25,18.12
2018-10-04,10599.25,18.92
2018-10-05,10316.45,19.73
2018-10-08,10348.05,20.15
2018-10-09,10301.05,19.76
2018-10-10,10460.1,17.91
2018-10-11,10234.65,20.55
2018-10-12,10472.5,18.63
2018-10-15,10512.5,18.89
2018-10-16,10584.75,17.37
2018-10-17,10453.05,17.98
2018-10-19,10303.55,19.79
2018-10-22,10245.25,21.36
2018-10-23,10146.8,19.04
2018-10-24,10224.75,18.88
2018-10-25,10124.9,18.96
2018-10-26,10030.0,19.23
2018-10-29,10250.85,19.83
2018-10-30,10198.4,20.5
2018-10-31,10386.6,19.8
2018-11-01,10380.45,19.19
2018-11-02,10553.0,18.23
2018-11-05,10524.0,19.48
2018-11-06,10530.0,18.51
2018-11-07,10598.4,17.72
2018-11-09,10585.2,17.77
2018-11-12,10482.2,19.37
2018-11-13,10582.5,18.7
2018-11-14,10576.3,18.83
2018-11-15,10616.7,18.45
2018-11-16,10682.2,18.35
2018-11-19,10763.4,19.26
2018-11-20,10656.2,19.33
2018-11-21,10600.05,19.56
2018-11-22,10526.75,19.16
2018-11-26,10628.6,20.4
2018-11-27,10685.6,18.32
2018-11-28,10728.85,17.96
2018-11-29,10858.7,18.7
2018-11-30,10876.75,19.16
2018-12-03,10883.75,18.22
2018-12-04,10869.5,18.11
2018-12-05,10782.9,18.39
2018-12-06,10601.15,19.31
2018-12-07,10693.7,18.59
2018-12-10,10488.45,20.44
2018-12-11,10549.15,17.95
2018-12-12,10737.6,15.81
2018-12-13,10791.55,15.55
2018-12-14,10805.45,15.16
2018-12-17,10888.35,14.54
2018-12-18,10908.7,14.58
2018-12-19,10967.3,14.66
2018-12-20,10951.7,14.33
2018-12-21,10754.0,15.99
2018-12-24,10663.5,15.75
2018-12-26,10729.85,15.92
2018-12-27,10779.8,16.07
2018-12-28,10859.9,15.27
2018-12-31,10862.55,16.0
2019-01-01,10862.55,15.33
2019-01-02,10792.5,16.39
2019-01-03,10672.25,16.79
2019-01-04,10727.35,16.16
2019-01-07,10771.8,16.3
2019-01-08,10802.15,15.7
2019-01-09,10855.15,15.27
2019-01-10,10821.6,15.35
2019-01-11,10794.95,15.35
2019-01-14,10737.6,16.16
2019-01-15,10886.8,15.58
2019-01-16,10890.3,16.08
2019-01-17,10905.2,16.24
2019-01-18,10906.95,16.62
2019-01-21,10961.85,18.15
2019-01-22,10922.75,17.99
2019-01-23,10831.5,18.09
2019-01-24,10849.8,17.43
2019-01-25,10780.55,17.69
2019-01-28,10661.55,18.9
2019-01-29,10652.2,18.43
2019-01-30,10651.8,17.85
2019-01-31,10830.95,17.12
2019-02-01,10893.65,15.72
2019-02-04,10912.25,15.72
2019-02-05,10934.35,15.78
2019-02-06,11062.45,15.63
2019-02-07,11069.4,15.44
2019-02-08,10943.6,15.57
2019-02-11,10888.8,15.84
2019-02-12,10831.4,15.75
2019-02-14,10746.05,15.77
2019-02-15,10724.4,16.46
2019-02-18,10640.95,18.0
2019-02-19,10604.35,18.47
2019-02-20,10735.45,17.06
2019-02-21,10789.85,16.05
2019-02-22,10791.65,15.45
2019-02-25,10880.1,15.36
2019-02-26,10835.3,17.11
2019-02-27,10806.65,18.9
2019-02-28,10792.5,18.28
2019-03-01,10863.5,16.27
2019-03-05,10987.45,15.66
2019-03-06,11053.0,15.61
2019-03-07,11058.2,15.29
2019-03-08,11035.4,14.94
2019-03-11,11168.05,14.9
2019-03-12,11301.2,15.1
2019-03-13,11341.7,15.28
2019-03-14,11343.25,15.15
2019-03-15,11426.85,15.87
2019-03-18,11462.2,16.9
2019-03-19,11532.4,16.49
2019-03-20,11521.05,16.03
2019-03-22,11456.9,16.27
2019-03-25,11354.25,16.67
2019-03-26,11483.25,16.49
2019-03-27,11445.05,17.05
2019-03-28,11570.0,16.65
2019-04-01,11669.15,18.01
2019-04-02,11713.2,18.08
2019-04-03,11643.95,18.78
2019-04-04,11598.0,18.65
2019-04-05,11665.95,18.39
2019-04-08,11604.5,20.15
2019-04-09,11671.95,20.28
2019-04-10,11584.3,21.13
2019-04-11,11596.7,20.96
2019-04-12,11643.45,21.0
2019-04-15,11690.35,21.39
2019-04-16,11787.15,21.69
2019-04-18,11752.8,22.74
2019-04-22,11594.45,24.05
2019-04-23,11575.95,24.65
2019-04-24,11726.15,23.71
2019-04-25,11641.8,23.23
2019-04-26,11754.65,21.72
2019-04-30,11748.15,21.83
2019-05-02,11724.75,22.98
2019-05-03,11712.25,24.03
2019-05-06,11598.25,26.43
2019-05-07,11497.9,26.48
2019-05-08,11359.45,26.37
2019-05-09,11301.8,25.49
2019-05-10,11278.9,26.34
2019-05-13,11148.2,27.38
2019-05-14,11222.05,27.13
2019-05-15,11157.0,28.66
2019-05-16,11257.1,28.37
2019-05-17,11407.15,28.08
2019-05-20,11828.25,23.68
2019-05-21,11709.1,25.65
2019-05-22,11737.9,27.63
2019-05-23,11657.05,19.41
2019-05-24,11844.1,16.47
2019-05-27,11924.75,16.19
2019-05-28,11928.75,15.92
2019-05-29,11861.1,16.41
2019-05-30,11945.9,15.61
2019-05-31,11922.8,16.07
2019-06-03,12088.55,15.97
2019-06-04,12021.65,15.63
2019-06-06,11843.75,15.53
2019-06-07,11870.65,14.86
2019-06-10,11922.7,14.98
2019-06-11,11965.6,14.49
2019-06-12,11906.2,14.12
2019-06-13,11914.05,13.66
2019-06-14,11823.3,13.9
2019-06-17,11672.15,14.65
2019-06-18,11691.5,14.6
2019-06-19,11691.45,14.73
2019-06-20,11831.75,14.0
2019-06-21,11724.1,14.61
2019-06-24,11699.65,15.22
2019-06-25,11796.45,15.01
2019-06-26,11847.55,14.75
2019-06-27,11841.55,14.65
2019-06-28,11788.85,14.95
2019-07-01,11865.6,14.6
2019-07-02,11910.3,14.25
2019-07-03,11916.75,13.7
2019-07-04,11946.75,13.53
2019-07-05,11811.15,13.07
2019-07-08,11558.6,13.85
2019-07-09,11555.9,13.69
2019-07-10,11498.9,13.64
2019-07-11,11582.9,12.47
2019-07-12,11552.5,12.0
2019-07-15,11588.35,12.02
2019-07-16,11662.6,11.56
2019-07-17,11687.5,11.8
2019-07-18,11596.9,11.75
2019-07-19,11419.25,12.52
2019-07-22,11346.2,13.01
2019-07-23,11331.05,13.43
2019-07-24,11271.3,12.76
2019-07-25,11252.15,12.64
2019-07-26,11284.3,12.13
2019-07-29,11189.2,13.06
2019-07-30,11085.4,13.61
2019-07-31,11118.0,13.59
2019-08-01,10980.0,14.56
2019-08-02,10997.35,15.19
2019-08-05,10862.6,16.59
2019-08-06,10948.25,16.12
2019-08-07,10855.5,16.74
2019-08-08,11032.45,16.09
2019-08-09,11109.65,15.85
2019-08-13,10925.85,17.78
2019-08-14,11029.4,16.36
2019-08-16,11047.8,16.65
2019-08-19,11053.9,16.75
2019-08-20,11017.0,16.63
2019-08-21,10918.7,17.02
2019-08-22,10741.35,17.85
2019-08-23,10829.35,17.35
2019-08-26,11057.85,16.66
2019-08-27,11105.35,16.01
2019-08-28,11046.1,16.84
2019-08-29,10948.3,16.43
2019-08-30,11023.25,16.28
2019-09-03,10797.9,18.06
2019-09-04,10844.65,17.24
2019-09-05,10847.9,17.27
2019-09-06,10946.2,16.27
2019-09-09,11003.05,15.85
2019-09-11,11035.7,15.37
2019-09-12,10982.8,14.9
2019-09-13,11075.9,14.12
2019-09-16,11003.5,14.95
2019-09-17,10817.6,16.02
2019-09-18,10840.65,15.35
2019-09-19,10704.8,15.55
2019-09-20,11274.2,15.4
2019-09-23,11600.2,16.79
2019-09-24,11588.2,16.73
2019-09-25,11440.2,16.17
2019-09-26,11571.2,16.34
2019-09-27,11512.4,16.11
2019-09-30,11474.45,15.87
2019-10-01,11359.9,16.76
2019-10-03,11314.0,17.7
2019-10-04,11174.75,17.58
2019-10-07,11126.4,17.83
2019-10-09,11313.3,17.16
2019-10-10,11234.55,17.23
2019-10-11,11305.05,17.14
2019-10-14,11341.15,17.43
2019-10-15,11428.3,16.85
2019-10-16,11464.0,16.36
2019-10-17,11586.35,15.88
2019-10-18,11661.85,15.93
2019-10-22,11588.35,16.81
2019-10-23,11604.1,16.54
2019-10-24,11582.6,16.24
2019-10-25,11583.9,15.32
2019-10-29,11786.85,16.42
2019-10-30,11844.1,16.66
2019-10-31,11877.45,16.28
2019-11-01,11890.6,15.73
2019-11-04,11941.3,15.93
2019-11-05,11917.2,15.92
2019-11-06,11966.05,15.78
2019-11-07,12012.05,15.21
2019-11-08,11908.15,15.86
2019-11-11,11913.45,16.25
2019-11-13,11840.45,16.46
2019-11-14,11872.1,15.65
2019-11-15,11895.45,15.03
2019-11-18,11884.5,15.76
2019-11-19,11940.1,15.41
2019-11-20,11999.1,15.16
2019-11-21,11968.4,14.98
2019-11-22,11914.4,14.87
2019-11-25,12073.75,15.0
2019-11-26,12037.7,14.84
2019-11-27,12100.7,14.62
2019-11-28,12151.15,13.99
2019-11-29,12056.05,13.9
2019-12-02,12048.2,14.2
2019-12-03,11994.2,14.56
2019-12-04,12043.2,13.32
2019-12-05,12018.4,14.31
2019-12-06,11921.5,13.64
2019-12-09,11937.5,14.6
2019-12-10,11856.8,14.29
2019-12-11,11910.15,13.38
2019-12-12,11971.8,13.35
2019-12-13,12086.7,13.3
2019-12-16,12053.95,13.42
2019-12-17,12165.0,12.52
2019-12-18,12221.65,12.34
2019-12-19,12259.7,12.12
2019-12-20,12271.8,12.33
2019-12-23,12262.75,11.96
2019-12-24,12214.55,11.63
2019-12-26,12126.55,11.12
2019-12-27,12245.8,10.53
2019-12-30,12255.85,11.01
2019-12-31,12168.45,11.67
2020-01-01,12182.5,11.67
2020-01-02,12282.2,11.49
2020-01-03,12226.65,12.7
2020-01-06,11993.05,14.78
2020-01-07,12052.95,14.61
2020-01-08,12025.35,15.64
2020-01-09,12215.9,14.0
2020-01-10,12256.8,14.08
2020-01-13,12329.55,14.28
2020-01-14,12362.3,13.91
2020-01-15,12343.3,14.12
2020-01-16,12355.5,14.18
2020-01-17,12352.35,14.13
2020-01-20,12224.55,15.41
2020-01-21,12169.85,15.86
2020-01-22,12106.9,16.36
2020-01-23,12180.35,15.86
2020-01-24,12248.25,15.56
2020-01-27,12119.0,17.18
2020-01-28,12055.8,17.3
2020-01-29,12129.5,16.5
2020-01-30,12035.8,16.8
2020-01-31,11962.1,17.37
2020-02-03,11707.9,15.78
2020-02-04,11979.65,14.38
2020-02-05,12089.15,14.17
2020-02-06,12137.95,13.78
2020-02-07,12098.35,13.75
2020-02-10,12031.5,14.21
2020-02-11,12107.9,13.88
2020-02-12,12201.2,13.62
2020-02-13,12174.65,13.37
2020-02-14,12113.45,13.62
2020-02-17,12045.8,14.42
2020-02-18,11992.5,14.51
2020-02-19,12125.9,14.02
2020-02-20,12080.85,13.7
2020-02-24,11829.4,17.0
2020-02-25,11797.9,16.9
2020-02-26,11678.5,18.26
2020-02-27,11633.3,17.77
2020-02-28,11201.75,23.24
2020-03-02,11132.75,25.2
2020-03-03,11303.3,24.54
2020-03-04,11251.0,24.23
2020-03-05,11269.0,23.25
2020-03-06,10989.45,25.64
2020-03-09,10451.45,30.8
2020-03-11,10458.4,31.56
2020-03-12,9590.15,41.16
2020-03-13,9955.2,51.47
2020-03-16,9197.4,58.88
2020-03-17,8967.05,62.93
2020-03-18,8468.8,63.96
2020-03-19,8263.45,72.2
2020-03-20,8745.45,67.1
2020-03-23,7610.25,71.99
2020-03-24,7801.05,83.61
2020-03-25,8317.85,77.63
2020-03-26,8641.45,71.53
2020-03-27,8660.25,70.39
2020-03-30,8281.1,71.89
2020-03-31,8597.75,64.41
2020-04-01,8253.8,60.05
2020-04-03,8083.8,55.3
2020-04-07,8792.2,51.8
2020-04-08,8748.75,52.24
2020-04-09,9111.9,49.75
2020-04-13,8993.85,51.46
2020-04-15,8925.3,49.74
2020-04-16,8992.8,46.1
2020-04-17,9266.75,42.59
2020-04-20,9261.85,43.46
2020-04-21,8981.45,45.2
2020-04-22,9187.3,42.82
2020-04-23,9313.9,39.23
2020-04-24,9154.4,39.12
2020-04-27,9282.3,38.04
2020-04-28,9380.9,35.35
2020-04-29,9553.35,33.84
2020-04-30,9859.9,33.99
2020-05-04,9293.5,43.67
2020-05-05,9205.6,43.61
2020-05-06,9270.9,41.25
2020-05-07,9199.05,39.93
2020-05-08,9251.5,38.41
2020-05-11,9239.2,38.04
2020-05-12,9196.55,38.21
2020-05-13,9383.55,38.84
2020-05-14,9142.75,38.18
2020-05-15,9136.85,38.02
2020-05-18,8823.25,40.92
2020-05-19,8879.1,39.45
2020-05-20,9066.55,35.81
2020-05-21,9106.25,32.99
2020-05-22,9039.25,32.38
2020-05-26,9029.05,31.47
2020-05-27,9314.95,31.27
2020-05-28,9490.1,30.02
2020-05-29,9580.3,30.22
2020-06-01,9826.15,30.74
2020-06-02,9979.1,30.12
2020-06-03,10061.55,30.04
2020-06-04,10029.1,29.69
2020-06-05,10142.15,28.68
2020-06-08,10167.45,29.65
2020-06-09,10046.65,30.21
2020-06-10,10116.15,29.44
2020-06-11,9902.0,29.66
2020-06-12,9972.9,30.82
2020-06-15,9813.7,32.58
2020-06-16,9914.0,32.97
2020-06-17,9881.15,33.35
2020-06-18,10091.65,31.46
2020-06-19,10244.4,29.97
2020-06-22,10311.2,30.46
2020-06-23,10471.0,29.34
2020-06-24,10305.3,29.58
2020-06-25,10288.9,29.73
2020-06-26,10383.0,28.74
2020-06-29,10312.4,28.91
2020-06-30,10302.1,29.12
2020-07-01,10430.05,28.12
2020-07-02,10551.7,26.51
2020-07-03,10607.35,25.77
2020-07-06,10763.65,25.2
2020-07-07,10799.65,25.1
2020-07-08,10705.75,26.1
2020-07-09,10813.45,24.91
2020-07-10,10768.05,24.94
2020-07-13,10802.7,25.25
2020-07-14,10607.35,26.64
2020-07-15,10618.2,26.29
2020-07-16,10739.95,25.36
2020-07-17,10901.7,24.16
2020-07-20,11022.2,24.71
2020-07-21,11162.25,24.43
2020-07-22,11132.6,24.89
2020-07-23,11215.45,24.64
2020-07-24,11194.15,24.54
2020-07-27,11131.8,25.02
2020-07-28,11300.55,23.64
2020-07-29,11202.85,24.11
2020-07-30,11102.15,24.73
2020-07-31,11073.45,24.19
2020-08-03,10891.6,25.19
2020-08-04,11095.25,23.82
2020-08-05,11101.65,23.57
2020-08-06,11200.15,23.15
2020-08-07,11214.05,22.58
2020-08-10,11270.15,22.51
2020-08-11,11322.5,21.36
2020-08-12,11308.4,20.85
2020-08-13,11300.45,20.57
2020-08-14,11178.4,21.67
2020-08-17,11247.1,21.31
2020-08-18,11385.35,20.43
2020-08-19,11408.4,19.96
2020-08-20,11312.2,20.62
2020-08-21,11371.6,19.94
2020-08-24,11466.45,19.23
2020-08-25,11472.25,19.32
2020-08-26,11549.6,19.3
2020-08-27,11559.25,18.9
2020-08-28,11647.6,18.35
2020-08-31,11387.5,22.84
2020-09-01,11470.25,21.8
2020-09-02,11535.0,21.11
2020-09-03,11527.45,20.5
2020-09-04,11333.85,22.15
2020-09-07,11355.05,22.01
2020-09-08,11317.35,22.72
2020-09-09,11278.0,22.23
2020-09-10,11449.25,21.26
2020-09-11,11464.45,20.71
2020-09-14,11440.05,21.19
2020-09-15,11521.8,20.6
2020-09-16,11604.55,19.66
2020-09-17,11516.1,20.1
2020-09-18,11504.95,20.05
2020-09-21,11250.55,22.19
2020-09-22,11153.65,21.41
2020-09-23,11131.85,20.99
2020-09-24,10805.55,23.51
2020-09-25,11050.25,20.68
2020-09-28,11227.55,19.57
2020-09-29,11222.4,19.77
2020-09-30,11247.55,19.53
2020-10-01,11416.95,18.35
2020-10-05,11503.35,19.7
2020-10-06,11662.4,19.64
2020-10-07,11738.85,20.06
2020-10-08,11834.6,20.38
2020-10-09,11914.2,20.38
2020-10-12,11930.95,21.13
2020-10-13,11934.5,20.72
2020-10-14,11971.05,20.21
2020-10-15,11680.35,22.06
2020-10-16,11762.45,21.65
2020-10-19,11873.05,21.82
2020-10-20,11896.8,22.69
2020-10-21,11937.65,22.92
2020-10-22,11896.45,22.64
2020-10-23,11930.35,21.83
2020-10-26,11767.75,22.83
2020-10-27,11889.4,22.2
2020-10-28,11729.6,23.28
2020-10-29,11670.8,24.02
2020-10-30,11642.4,24.75
2020-11-02,11669.15,25.21
2020-11-03,11813.5,24.24
2020-11-04,11908.5,23.2
2020-11-05,12120.3,20.97
2020-11-06,12263.55,20.5
2020-11-09,12461.05,20.11
2020-11-10,12631.1,21.58
2020-11-11,12749.15,22.03
2020-11-12,12690.8,20.62
2020-11-13,12719.95,19.7
2020-11-17,12874.2,19.8
2020-11-18,12938.25,19.12
2020-11-19,12771.7,19.57
2020-11-20,12859.05,19.62
2020-11-23,12926.45,20.8
2020-11-24,13055.15,21.06
2020-11-25,12858.4,23.13
2020-11-26,12987.0,20.02
2020-11-27,12968.95,19.82
2020-12-01,13109.05,20.18
2020-12-02,13113.75,19.91
2020-12-03,13133.9,19.0
2020-12-04,13258.55,18.03
2020-12-07,13355.75,18.02
2020-12-08,13392.95,18.62
2020-12-09,13529.1,18.92
2020-12-10,13478.3,18.71
2020-12-11,13513.85,18.79
2020-12-14,13558.15,19.4
2020-12-15,13567.85,19.35
2020-12-16,13682.7,19.2
2020-12-17,13740.7,19.16
2020-12-18,13760.55,18.62
2020-12-21,13328.4,23.19
2020-12-22,13466.3,21.99
2020-12-23,13601.1,20.5
2020-12-24,13749.25,19.97
2020-12-28,13873.2,20.43
2020-12-29,13932.6,20.79
2020-12-30,13981.95,21.11
2020-12-31,13981.75,21.1
2021-01-01,14018.5,21.1
2021-01-04,14132.9,20.03
2021-01-05,14199.5,20.46
2021-01-06,14146.25,21.0
2021-01-07,14137.35,20.62
2021-01-08,14347.25,20.64
2021-01-11,14484.75,22.38
2021-01-12,14563.45,22.85
2021-01-13,14564.85,23.29
2021-01-14,14595.6,23.03
2021-01-15,14433.7,24.01
2021-01-18,14281.3,24.4
2021-01-19,14521.15,22.9
2021-01-20,14644.7,21.55
2021-01-21,14590.35,22.18
2021-01-22,14371.9,22.18
2021-01-25,14238.9,23.25
2021-01-27,13967.5,24.39
2021-01-28,13817.55,24.29
2021-01-29,13634.6,25.34
2021-02-01,14281.2,23.32
2021-02-02,14647.85,23.35
2021-02-03,14789.95,23.75
2021-02-04,14895.65,23.12
2021-02-05,14924.25,23.42
2021-02-08,15115.8,23.96
2021-02-09,15109.3,24.27
2021-02-10,15106.5,23.95
2021-02-11,15173.3,23.05
2021-02-12,15163.3,22.04
2021-02-15,15314.7,22.04
2021-02-16,15313.45,21.78
2021-02-17,15208.9,21.78
2021-02-18,15118.95,21.54
2021-02-19,14981.75,22.25
2021-02-22,14675.7,25.47
2021-02-23,14707.8,25.23
2021-02-24,14982.0,24.17
2021-02-25,15097.35,22.89
2021-02-26,14529.15,28.14
2021-03-01,14761.55,25.63
2021-03-02,14919.1,23.61
2021-03-03,15245.6,22.09
2021-03-04,15080.75,24.15
2021-03-05,14938.1,25.56
2021-03-08,14956.2,24.68
2021-03-09,15098.4,22.5
2021-03-10,15174.8,20.75
2021-03-12,15030.95,21.71
2021-03-15,14929.5,21.23
2021-03-16,14910.45,20.19
2021-03-17,14721.3,20.16
2021-03-18,14557.85,20.08
2021-03-19,14744.0,19.99
2021-03-22,14736.4,20.49
2021-03-23,14814.75,20.67
2021-03-24,14549.4,22.46
2021-03-25,14324.9,22.7
2021-03-26,14507.3,20.65
2021-03-30,14845.1,20.49
2021-03-31,14690.7,20.65
2021-04-01,14867.35,19.99
2021-04-05,14637.8,21.22
2021-04-06,14683.5,20.84
2021-04-07,14819.05,20.25
2021-04-08,14873.8,20.31
2021-04-09,14834.85,19.79
2021-04-12,14310.8,23.0
2021-04-13,14504.8,20.46
2021-04-15,14581.45,20.89
2021-04-16,14617.85,20.4
2021-04-19,14359.45,22.49
2021-04-20,14296.4,22.43
2021-04-22,14406.15,23.03
2021-04-23,14341.35,22.69
2021-04-26,14485.0,23.5
2021-04-27,14653.05,23.08
2021-04-28,14864.55,22.58
2021-04-29,14894.9,23.31
2021-04-30,14631.1,23.03
2021-05-03,14634.15,23.69
2021-05-04,14496.5,23.01
2021-05-05,14617.85,23.01
2021-05-06,14724.8,22.04
2021-05-07,14823.15,20.82
2021-05-10,14942.35,20.23
2021-05-11,14850.75,20.23
2021-05-12,14696.5,20.08
2021-05-14,14677.8,20.27
2021-05-17,14923.15,19.61
2021-05-18,15108.1,19.24
2021-05-19,15030.15,19.32
2021-05-20,14906.05,19.32
2021-05-21,15175.3,19.08
2021-05-24,15197.7,19.13
2021-05-25,15208.45,19.13
2021-05-26,15301.45,20.87
2021-05-27,15337.85,19.91
2021-05-28,15435.65,17.4
2021-05-31,15582.8,17.4
2021-06-01,15574.85,17.39
2021-06-02,15576.2,17.21
2021-06-03,15690.35,15.75
2021-06-04,15670.25,15.94
2021-06-07,15751.65,15.57
2021-06-08,15740.1,15.23
2021-06-09,15635.35,14.75
2021-06-10,15737.75,15.0
2021-06-11,15799.35,14.1
2021-06-14,15811.85,14.72
2021-06-15,15869.25,14.61
2021-06-16,15767.55,14.87
2021-06-17,15691.4,15.29
2021-06-18,15683.35,14.8
2021-06-21,15746.5,15.06
2021-06-22,15772.75,14.74
2021-06-23,15686.95,15.37
2021-06-24,15790.45,15.1
2021-06-25,15860.35,13.37
2021-06-28,15814.7,13.4
2021-06-29,15748.45,13.0
2021-06-30,15721.5,13.05
2021-07-01,15680.0,12.84
2021-07-02,15722.2,12.09
2021-07-05,15834.35,12.09
2021-07-06,15818.25,12.28
2021-07-07,15879.65,12.21
2021-07-08,15727.9,13.56
2021-07-09,15689.8,12.94
2021-07-12,15692.6,12.99
2021-07-13,15812.35,12.62
2021-07-14,15853.95,12.59
2021-07-15,15924.2,12.27
2021-07-16,15923.4,11.71
2021-07-19,15752.4,12.68
2021-07-20,15632.1,13.21
2021-07-22,15824.05,11.89
2021-07-23,15856.05,11.76
2021-07-26,15824.45,12.45
2021-07-27,15746.45,13.23
2021-07-28,15709.4,13.69
2021-07-29,15778.45,12.95
2021-07-30,15763.05,12.8
2021-08-02,15885.15,12.81
2021-08-03,16130.75,13.75
2021-08-04,16258.8,13.21
2021-08-05,16294.6,12.87
2021-08-06,16238.2,12.61
2021-08-09,16258.25,12.61
2021-08-10,16280.1,12.71
2021-08-11,16282.25,12.71
2021-08-12,16364.4,12.37
2021-08-13,16529.1,12.99
2021-08-16,16563.05,13.46
2021-08-17,16614.6,13.41
2021-08-18,16568.85,12.91
2021-08-20,16450.5,14.02
2021-08-23,16496.45,13.69
2021-08-24,16624.6,13.19
2021-08-25,16634.65,13.5
2021-08-26,16636.9,13.54
2021-08-27,16705.2,13.41
2021-08-30,16931.05,13.32
2021-08-31,17132.2,14.52
2021-09-01,17076.25,14.19
2021-09-02,17234.15,14.24
2021-09-03,17323.6,14.54
2021-09-06,17377.8,15.11
2021-09-07,17362.1,14.9
2021-09-08,17353.5,14.41
2021-09-09,17369.25,13.94
2021-09-13,17355.3,14.03
2021-09-14,17380.0,13.58
2021-09-15,17519.45,13.73
2021-09-16,17629.5,14.41
2021-09-17,17585.15,15.23
2021-09-20,17396.9,17.49
2021-09-21,17562.0,16.52
2021-09-22,17546.65,16.49
2021-09-23,17822.95,16.6
2021-09-24,17853.2,16.92
2021-09-27,17855.1,18.05
2021-09-28,17748.6,18.54
2021-09-29,17711.3,18.84
2021-09-30,17618.15,18.4
2021-10-01,17532.05,17.21
2021-10-04,17691.25,16.74
2021-10-05,17822.3,16.4
2021-10-06,17646.0,17.33
2021-10-07,17790.35,16.16
2021-10-08,17895.2,15.65
2021-10-11,17945.95,16.09
2021-10-12,17991.95,15.85
2021-10-13,18161.75,16.1
2021-10-14,18338.55,15.77
2021-10-18,18477.05,17.18
2021-10-19,18418.75,17.38
2021-10-20,18266.6,18.31
2021-10-21,18178.1,18.04
2021-10-22,18114.9,17.55
2021-10-25,18125.4,17.61
2021-10-26,18268.4,16.75
2021-10-27,18210.95,16.83
2021-10-28,17857.25,17.91
2021-10-29,17671.65,17.43
2021-11-01,17929.65,17.24
2021-11-02,17888.95,17.06
2021-11-03,17829.2,16.13
2021-11-04,17916.8,15.75
2021-11-08,18068.55,16.34
2021-11-09,18044.25,16.0
2021-11-10,18017.2,16.31
2021-11-11,17873.6,16.35
2021-11-12,18102.75,15.22
2021-11-15,18109.45,15.47
2021-11-16,17999.2,15.2
2021-11-17,17898.65,14.98
2021-11-18,17764.8,14.86
2021-11-22,17416.55,17.52
2021-11-23,17503.35,18.02
2021-11-24,17415.05,17.1
2021-11-25,17536.25,16.66
2021-11-26,17026.45,20.8
2021-11-29,17053.95,20.83
2021-11-30,16983.2,21.17
2021-12-01,17166.9,19.45
2021-12-02,17401.65,18.09
2021-12-03,17196.7,18.45
2021-12-06,16912.25,20.08
2021-12-07,17176.7,18.46
2021-12-08,17469.75,17.27
2021-12-09,17516.85,16.6
2021-12-10,17511.3,16.06
2021-12-13,17368.25,16.57
2021-12-14,17324.9,16.95
2021-12-15,17221.4,17.22
2021-12-16,17248.4,15.9
2021-12-17,16985.2,16.34
2021-12-20,16614.2,18.97
2021-12-21,16770.85,17.54
2021-12-22,16955.45,16.58
2021-12-23,17072.6,15.83
2021-12-24,17003.75,16.15
2021-12-27,17086.25,17.12
2021-12-28,17233.25,16.48
2021-12-29,17213.6,16.24
2021-12-30,17203.95,16.57
2021-12-31,17354.05,16.22
2022-01-03,17625.7,16.45
2022-01-04,17805.25,16.12
2022-01-05,17925.25,17.23
2022-01-06,17745.9,17.98
2022-01-07,17812.7,17.6
2022-01-10,18003.3,17.68
2022-01-11,18055.75,17.76
2022-01-12,18212.35,17.18
2022-01-13,18257.8,16.7
2022-01-14,18255.75,16.56
2022-01-17,18308.1,16.77
2022-01-18,18113.05,17.78
2022-01-19,17938.4,17.82
2022-01-20,17757.0,17.79
2022-01-21,17617.15,18.89
2022-01-24,17149.1,22.83
2022-01-25,17277.95,21.36
2022-01-27,17110.15,21.07
2022-01-28,17101.95,20.7
2022-01-31,17339.85,21.95
2022-02-01,17576.85,19.98
2022-02-02,17780.0,18.65
2022-02-03,17560.2,19.16
2022-02-04,17516.3,18.9
2022-02-07,17213.6,20.44
2022-02-08,17266.75,19.68
2022-02-09,17463.8,18.56
2022-02-10,17605.85,17.71
2022-02-11,17374.75,18.68
2022-02-14,16842.8,22.98
2022-02-15,17352.45,20.61
2022-02-16,17322.2,20.59
2022-02-17,17304.6,22.01
2022-02-18,17276.3,22.17
2022-02-21,17206.65,22.9
2022-02-22,17092.2,26.66
2022-02-23,17063.25,24.54
2022-02-24,16247.95,31.98
2022-02-25,16658.4,26.74
2022-02-28,16793.9,28.57
2022-03-02,16605.95,29.23
2022-03-03,16498.05,28.16
2022-03-04,16245.35,27.96
2022-03-07,15863.15,29.33
2022-03-08,16013.45,28.59
2022-03-09,16345.35,27.47
2022-03-10,16594.9,25.58
2022-03-11,16630.45,25.35
2022-03-14,16871.3,25.68
2022-03-15,16663.0,26.73
2022-03-16,16975.35,24.12
2022-03-17,17287.05,22.61
2022-03-21,17117.6,24.62
2022-03-22,17315.5,24.07
2022-03-23,17245.65,24.75
2022-03-24,17222.75,23.93
2022-03-25,17153.0,23.43
2022-03-28,17222.0,22.61
2022-03-29,17325.3,21.3
2022-03-30,17498.25,20.61
2022-03-31,17464.75,20.56
2022-04-01,17670.45,18.43
2022-04-04,18053.4,17.91
2022-04-05,17957.4,18.49
2022-04-06,17807.65,19.02
2022-04-07,17639.55,19.0
2022-04-08,17784.35,17.69
2022-04-11,17674.95,18.27
2022-04-12,17530.3,18.16
2022-04-13,17475.65,17.79
2022-04-18,17173.65,19.34
2022-04-19,16958.65,19.77
2022-04-20,17136.55,18.67
2022-04-21,17392.6,17.85
2022-04-22,17171.95,18.35
2022-04-25,16953.95,21.26
2022-04-26,17200.8,19.19
2022-04-27,17038.4,20.61
2022-04-28,17245.05,19.38
2022-04-29,17102.55,19.42
2022-05-02,17069.1,20.28
2022-05-04,16677.6,21.88
2022-05-05,16682.65,20.29
2022-05-06,16411.25,21.25
2022-05-09,16301.85,22.03
2022-05-10,16240.05,22.3
2022-05-11,16167.1,22.8
2022-05-12,15808.0,24.27
2022-05-13,15782.15,23.49
2022-05-16,15842.3,24.53
2022-05-17,16259.3,22.74
2022-05-18,16240.3,22.3
2022-05-19,15809.4,24.56
2022-05-20,16266.15,23.1
2022-05-23,16214.7,23.4
2022-05-24,16125.15,25.64
2022-05-25,16025.8,25.28
2022-05-26,16170.15,22.72
2022-05-27,16352.45,21.48
2022-05-30,16661.4,19.98
2022-05-31,16584.55,20.48
2022-06-01,16522.75,20.85
2022-06-02,16628.0,20.32
2022-06-03,16584.3,19.98
2022-06-06,16569.55,20.2
2022-06-07,16416.35,20.43
2022-06-08,16356.25,19.84
2022-06-09,16478.1,19.14
2022-06-10,16201.8,19.58
2022-06-13,15774.4,22.37
2022-06-14,15732.1,21.89
2022-06-15,15692.15,22.15
2022-06-16,15360.6,22.87
2022-06-17,15293.5,22.76
2022-06-20,15350.15,22.41
2022-06-21,15638.8,21.14
2022-06-22,15413.3,21.3
2022-06-23,15556.65,20.88
2022-06-24,15699.25,20.55
2022-06-27,15832.05,21.01
2022-06-28,15850.2,21.45
2022-06-29,15799.1,21.9
2022-06-30,15780.25,21.84
2022-07-01,15752.05,21.25
2022-07-04,15835.35,20.97
2022-07-05,15810.85,20.79
2022-07-06,15989.8,20.27
2022-07-07,16132.9,19.2
2022-07-08,16220.6,18.4
2022-07-11,16216.0,18.37
2022-07-12,16058.3,18.55
2022-07-13,15966.65,18.52
2022-07-14,15938.65,18.34
2022-07-15,16049.2,17.6
2022-07-18,16278.5,17.16
2022-07-19,16340.55,17.2
2022-07-20,16520.85,16.82
2022-07-21,16605.25,16.86
2022-07-22,16719.45,16.65
2022-07-25,16631.0,17.68
2022-07-26,16483.85,18.17
2022-07-27,16641.8,18.13
2022-07-28,16929.6,17.01
2022-07-29,17158.25,16.55
2022-08-01,17340.05,17.49
2022-08-02,17345.45,18.53
2022-08-03,17388.15,18.45
2022-08-04,17382.0,19.26
2022-08-05,17397.5,18.92
2022-08-08,17525.1,19.3
2022-08-10,17534.75,19.59
2022-08-11,17659.0,18.36
2022-08-12,17698.15,17.61
2022-08-16,17825.25,17.68
2022-08-17,17944.25,17.68
2022-08-18,17956.5,17.35
2022-08-19,17758.45,18.29
2022-08-22,17490.7,19.04
2022-08-23,17577.5,19.05
2022-08-24,17604.95,18.43
2022-08-25,17522.45,19.57
2022-08-26,17558.9,18.22
2022-08-29,17312.9,19.82
2022-08-30,17759.3,18.7
2022-09-01,17542.8,19.87
2022-09-02,17539.45,19.55
2022-09-05,17665.8,19.66
2022-09-06,17655.6,19.52
2022-09-07,17624.4,19.37
2022-09-08,17798.75,18.31
2022-09-09,17833.35,17.72
2022-09-12,17936.35,17.94
2022-09-13,18070.05,17.47
2022-09-14,18003.75,18.28
2022-09-15,17877.4,18.39
2022-09-16,17530.85,19.82
2022-09-19,17622.25,19.94
2022-09-20,17816.25,18.8
2022-09-21,17718.35,19.33
2022-09-22,17629.8,18.82
2022-09-23,17327.35,20.59
2022-09-26,17016.3,21.89
2022-09-27,17007.4,21.57
2022-09-28,16858.6,22.1
2022-09-29,16818.1,21.3
2022-09-30,17094.35,19.97
2022-10-03,16887.35,21.37
2022-10-04,17274.3,19.57
2022-10-06,17331.8,19.32
2022-10-07,17314.65,18.81
2022-10-10,17241.0,19.62
2022-10-11,16983.55,20.49
2022-10-12,17123.6,20.18
2022-10-13,17014.35,20.29
2022-10-14,17185.7,18.26
2022-10-17,17311.8,18.42
2022-10-18,17486.95,17.45
2022-10-19,17512.25,17.49
2022-10-20,17563.95,17.23
2022-10-21,17576.3,17.28
2022-10-24,17730.75,17.42
2022-10-25,17656.35,16.88
2022-10-27,17736.95,16.6
2022-10-28,17786.8,15.92
2022-10-31,18012.2,15.8
2022-11-01,18145.4,16.13
2022-11-02,18082.85,16.66
2022-11-03,18052.7,15.94
2022-11-04,18117.15,15.66
2022-11-07,18202.8,15.59
2022-11-09,18157.0,15.92
2022-11-10,18028.2,15.57
2022-11-11,18349.7,14.41
2022-11-14,18329.15,14.91
2022-11-15,18403.4,14.64
2022-11-16,18409.65,15.1
2022-11-17,18343.9,14.88
2022-11-18,18307.65,14.39
2022-11-21,18159.95,14.8
2022-11-22,18244.2,13.84
2022-11-23,18267.25,14.04
2022-11-24,18484.1,13.48
2022-11-25,18512.75,13.33
2022-11-28,18562.75,13.57
2022-11-29,18618.05,13.62
2022-11-30,18758.35,13.81
2022-12-01,18812.5,13.36
2022-12-02,18696.1,13.45
2022-12-05,18701.05,13.73
2022-12-06,18642.75,14.04
2022-12-07,18560.5,14.08
2022-12-08,18609.35,13.4
2022-12-09,18496.6,13.48
2022-12-12,18497.15,13.32
2022-12-13,18608.0,12.88
2022-12-14,18660.3,12.89
2022-12-15,18414.9,13.73
2022-12-16,18269.0,14.07
2022-12-19,18420.45,13.55
2022-12-20,18385.3,13.78
2022-12-21,18199.1,15.56
2022-12-22,18127.35,15.19
2022-12-23,17806.8,16.16
2022-12-26,18014.6,16.16
2022-12-27,18132.3,15.29
2022-12-28,18122.5,15.4
2022-12-29,18191.0,14.81
2022-12-30,18105.3,14.87
2023-01-02,18197.45,14.69
2023-01-03,18232.55,14.39
2023-01-04,18042.95,15.2
2023-01-05,17992.15,14.98
2023-01-06,17859.45,15.03
2023-01-09,18101.2,14.65
2023-01-10,17914.15,15.51
2023-01-11,17895.7,15.44
2023-01-12,17858.2,15.28
2023-01-13,17956.6,14.46
2023-01-16,17894.85,15.02
2023-01-17,18053.3,14.59
2023-01-18,18165.35,14.37
2023-01-19,18107.85,13.96
2023-01-20,18027.65,13.79
2023-01-23,18118.55,13.62
2023-01-24,18118.3,13.66
2023-01-25,17891.95,14.66
2023-01-27,17604.35,17.32
2023-01-30,17648.95,17.71
2023-01-31,17662.15,16.88
2023-02-01,17616.3,16.78
2023-02-02,17610.4,15.73
2023-02-03,17854.05,14.4
2023-02-06,17764.6,14.69
2023-02-07,17721.5,14.13
2023-02-08,17871.7,13.6
2023-02-09,17893.45,13.04
2023-02-10,17856.5,12.75
2023-02-13,17770.9,13.68
2023-02-14,17929.85,13.45
2023-02-15,18015.85,12.86
2023-02-16,18035.85,12.89
2023-02-17,17944.2,13.09
2023-02-20,17844.6,13.38
2023-02-21,17826.7,14.01
2023-02-22,17554.3,15.59
2023-02-23,17511.25,15.08
2023-02-24,17465.8,14.19
2023-02-27,17392.7,13.88
2023-02-28,17303.95,14.02
2023-03-01,17450.9,13.0
2023-03-02,17321.9,12.97
2023-03-03,17594.35,12.18
2023-03-06,17711.45,12.27
2023-03-08,17754.4,12.45
2023-03-09,17589.6,12.73
2023-03-10,17412.9,13.41
2023-03-13,17154.3,16.22
2023-03-14,17043.3,16.22
2023-03-15,16972.15,16.3
2023-03-16,16985.6,16.22
2023-03-17,17100.05,14.77
2023-03-20,16988.4,16.01
2023-03-21,17107.5,15.08
2023-03-22,17151.9,14.81
2023-03-23,17076.9,14.49
2023-03-24,16945.05,15.24
2023-03-27,16985.7,15.45
2023-03-28,16951.7,15.1
2023-03-29,17080.7,13.63
2023-03-31,17359.75,12.94
2023-04-03,17398.05,12.59
2023-04-05,17557.05,12.41
2023-04-06,17599.15,11.8
2023-04-10,17624.05,12.27
2023-04-11,17722.3,11.98
2023-04-12,17812.4,12.27
2023-04-13,17828.0,11.91
2023-04-17,17706.85,12.27
2023-04-18,17660.15,12.08
2023-04-19,17618.75,12.15
2023-04-20,17624.45,11.94
2023-04-21,17624.05,11.63
2023-04-24,17743.4,11.67
2023-04-25,17769.25,11.52
2023-04-26,17813.6,11.65
2023-04-27,17915.05,11.43
2023-04-28,18065.0,10.95
2023-05-02,18147.65,11.9
2023-05-03,18089.85,11.84
2023-05-04,18255.8,11.73
2023-05-05,18069.0,12.3
2023-05-08,18264.4,12.64
2023-05-09,18265.95,12.68
2023-05-10,18315.1,13.08
2023-05-11,18297.0,13.22
2023-05-12,18314.8,12.85
2023-05-15,18398.85,13.17
2023-05-16,18286.5,13.29
2023-05-17,18181.75,13.11
2023-05-18,18129.95,12.8
2023-05-19,18203.4,12.3
2023-05-22,18314.4,12.57
2023-05-23,18348.0,12.61
2023-05-24,18285.4,13.11
2023-05-25,18321.15,12.52
2023-05-26,18499.35,11.9
2023-05-29,18598.65,12.3
2023-05-30,18633.85,12.01
2023-05-31,18534.4,11.97
2023-06-01,18487.75,11.6
2023-06-02,18534.1,11.13
2023-06-05,18593.85,11.14
2023-06-06,18599.0,11.38
2023-06-07,18726.4,11.44
2023-06-08,18634.55,11.26
2023-06-09,18563.4,11.12
2023-06-12,18601.5,11.25
2023-06-13,18716.15,11.11
2023-06-14,18755.9,11.16
2023-06-15,18688.1,11.08
2023-06-16,18826.0,10.84
2023-06-19,18755.45,11.23
2023-06-20,18816.7,11.13
2023-06-21,18856.85,11.29
2023-06-22,18771.25,11.55
2023-06-23,18665.5,11.24
2023-06-26,18691.2,11.4
2023-06-27,18817.4,10.78
2023-06-28,18972.1,10.89
2023-06-30,19189.05,10.8
2023-07-03,19322.55,11.54
2023-07-04,19389.0,11.7
2023-07-05,19398.5,11.88
2023-07-06,19497.3,11.84
2023-07-07,19331.8,11.53
2023-07-10,19355.9,11.46
2023-07-11,19439.4,11.01
2023-07-12,19384.3,10.94
2023-07-13,19413.75,10.94
2023-07-14,19564.5,10.68
2023-07-17,19711.45,11.32
2023-07-18,19749.25,11.71
2023-07-19,19833.15,11.6
2023-07-20,19979.15,11.79
2023-07-21,19745.0,11.49
2023-07-24,19672.35,11.65
2023-07-25,19680.6,10.24
2023-07-26,19778.3,10.46
2023-07-27,19659.9,10.51
2023-07-28,19646.05,10.14
2023-07-31,19753.8,10.41
2023-08-01,19733.55,10.28
2023-08-02,19526.55,11.28
2023-08-03,19381.65,11.19
2023-08-04,19517.0,10.57
2023-08-07,19597.3,11.1
2023-08-08,19570.85,11.33
2023-08-09,19632.55,11.14
2023-08-10,19543.1,11.4
2023-08-11,19428.3,11.52
2023-08-14,19434.55,12.0
2023-08-16,19465.0,12.13
2023-08-17,19365.25,12.24
2023-08-18,19310.15,12.14
2023-08-21,19393.6,11.96
2023-08-22,19396.45,11.75
2023-08-23,19444.0,11.73
2023-08-24,19386.7,11.7
2023-08-25,19265.8,12.08
2023-08-28,19306.05,12.4
2023-08-29,19342.65,12.23
2023-08-30,19347.45,11.8
2023-08-31,19253.8,12.06
2023-09-01,19435.3,11.37
2023-09-04,19528.8,10.96
2023-09-05,19574.9,10.82
2023-09-06,19611.05,10.68
2023-09-07,19727.05,10.87
2023-09-08,19819.95,10.78
2023-09-11,19996.35,11.35
2023-09-12,19993.2,11.69
2023-09-13,20070.0,11.83
2023-09-14,20103.1,11.32
2023-09-15,20192.35,10.9
2023-09-18,20133.3,10.84
2023-09-20,19901.4,11.13
2023-09-21,19742.35,10.82
2023-09-22,19674.25,10.66
2023-09-25,19674.55,10.9
2023-09-26,19664.7,11.19
2023-09-27,19716.45,11.59
2023-09-28,19523.55,12.82
2023-09-29,19638.3,11.45
2023-10-03,19528.75,11.79
2023-10-04,19436.1,11.66
2023-10-05,19545.75,10.94
2023-10-06,19653.5,10.3
2023-10-09,19512.35,11.4
2023-10-10,19689.85,11.27
2023-10-11,19811.35,10.99
2023-10-12,19794.0,10.62
2023-10-13,19751.05,10.62
2023-10-16,19731.75,11.07
2023-10-17,19811.5,10.7
2023-10-18,19671.1,10.97
2023-10-19,19624.7,10.9
2023-10-20,19542.65,10.82
2023-10-23,19281.75,10.91
2023-10-25,19122.15,11.31
2023-10-26,18857.25,11.73
2023-10-27,19047.25,10.91
2023-10-30,19140.9,11.49
2023-10-31,19079.6,11.83
2023-11-01,18989.15,12.05
2023-11-02,19133.25,11.08
2023-11-03,19230.6,10.88
2023-11-06,19411.75,11.11
2023-11-07,19406.7,11.19
2023-11-08,19443.5,11.04
2023-11-09,19395.3,10.98
2023-11-10,19425.35,11.11
2023-11-13,19443.55,11.19
2023-11-15,19675.45,11.14
2023-11-16,19765.2,11.65
2023-11-17,19731.8,11.83
2023-11-20,19694.0,12.15
2023-11-21,19783.4,12.23
2023-11-22,19811.85,11.87
2023-11-23,19802.0,11.32
2023-11-24,19794.7,11.33
2023-11-28,19889.7,12.18
2023-11-29,20096.6,12.71
2023-11-30,20133.15,12.69
2023-12-01,20267.9,12.38
2023-12-04,20686.8,12.99
2023-12-05,20855.1,13.46
2023-12-06,20937.7,13.74
2023-12-07,20901.15,12.67
2023-12-08,20969.4,12.47
2023-12-11,20997.1,12.76
2023-12-12,20906.4,12.71
2023-12-13,20926.35,12.07
2023-12-14,21182.7,12.32
2023-12-15,21456.65,13.13
2023-12-18,21418.65,13.9
2023-12-19,21453.1,13.87
2023-12-20,21150.15,14.45
2023-12-21,21255.05,13.76
2023-12-22,21349.4,13.71
2023-12-26,21441.35,14.68
2023-12-27,21654.75,15.56
2023-12-28,21778.7,15.14
2023-12-29,21731.4,14.5
2024-01-01,21741.9,14.5
2024-01-02,21665.8,14.58
2024-01-03,21517.35,14.1
2024-01-04,21658.6,13.33
2024-01-05,21710.8,12.63
2024-01-08,21513.0,13.46
2024-01-09,21544.85,13.26
2024-01-10,21618.7,12.97
2024-01-11,21647.2,12.77
2024-01-12,21894.55,13.1
2024-01-15,22097.45,13.79
2024-01-16,22032.3,13.57
2024-01-17,21571.95,15.08
2024-01-18,21462.25,14.07
2024-01-19,21622.4,13.88
2024-01-23,21238.8,14.85
2024-01-24,21453.95,14.38
2024-01-25,21352.6,13.87
2024-01-29,21737.6,15.68
2024-01-30,21522.1,16.1
2024-01-31,21725.7,16.05
2024-02-01,21697.45,14.46
2024-02-02,21853.8,14.7
2024-02-05,21771.7,15.62
2024-02-06,21929.4,15.79
2024-02-07,21930.5,15.51
2024-02-08,21717.95,15.83
2024-02-09,21782.5,15.45
2024-02-12,21616.05,16.06
2024-02-13,21743.25,15.81
2024-02-14,21840.05,15.44
2024-02-15,21910.75,15.23
2024-02-16,22040.7,15.22
2024-02-19,22122.25,15.22
2024-02-20,22196.95,16.07
2024-02-21,22055.05,15.93
2024-02-22,22217.45,15.2
2024-02-23,22212.7,14.97
2024-02-26,22122.05,15.6
2024-02-27,22198.35,15.73
2024-02-28,21951.15,16.33
2024-02-29,21982.8,15.57
2024-03-01,22338.75,15.24
2024-03-04,22405.6,14.92
2024-03-05,22356.3,14.38
2024-03-06,22474.05,14.3
2024-03-07,22493.55,13.61
2024-03-11,22332.65,14.0
2024-03-12,22335.7,13.64
2024-03-13,21997.7,14.43
2024-03-14,22146.65,13.62
2024-03-15,22023.35,13.69
2024-03-18,22055.7,13.9
2024-03-19,21817.45,14.11
2024-03-20,21839.1,13.47
2024-03-21,22011.95,12.51
2024-03-22,22096.75,12.22
2024-03-26,22004.7,12.82
2024-03-27,22123.65,12.7
2024-03-28,22326.9,12.83
2024-04-01,22462.0,12.08
2024-04-02,22453.3,11.65
2024-04-03,22434.65,11.37
2024-04-04,22514.65,11.22
2024-04-05,22513.7,11.34
2024-04-08,22666.3,11.61
2024-04-09,22642.75,11.36
2024-04-10,22753.8,11.11
2024-04-12,22519.4,11.53
2024-04-15,22272.5,12.47
2024-04-16,22147.9,12.62
2024-04-18,21995.85,13.04
2024-04-19,22147.0,13.46
2024-04-22,22336.4,12.7
2024-04-23,22368.0,10.2
2024-04-24,22402.4,10.28
2024-04-25,22570.35,10.73
2024-04-26,22419.95,10.93
2024-04-29,22643.4,12.24
2024-04-30,22604.85,12.87
2024-05-02,22648.2,13.45
2024-05-03,22475.85,14.62
2024-05-06,22442.7,16.6
2024-05-07,22302.5,17.01
2024-05-08,22302.5,17.08
2024-05-09,21957.5,18.2
2024-05-10,22055.2,18.47
2024-05-13,22104.05,20.6
2024-05-14,22217.85,20.2
2024-05-15,22200.55,20.27
2024-05-16,22403.85,20.0
2024-05-17,22466.1,19.8
2024-05-21,22529.05,21.81
2024-05-22,22597.8,21.47
2024-05-23,22967.65,21.38
2024-05-24,22957.1,21.71
2024-05-27,22932.45,23.19
2024-05-28,22888.15,24.2
2024-05-29,22704.7,24.18
2024-05-30,22488.65,24.18
2024-05-31,22530.7,24.6
2024-06-03,23263.9,20.94
2024-06-04,21884.5,26.75
2024-06-05,22620.35,18.89
2024-06-06,22821.4,16.8
2024-06-07,23290.15,16.88
2024-06-10,23259.2,16.4
2024-06-11,23264.85,14.77
2024-06-12,23322.95,14.39
2024-06-13,23398.9,13.49
2024-06-14,23465.6,12.82
2024-06-18,23557.9,12.97
2024-06-19,23516.0,13.71
2024-06-20,23567.0,13.35
2024-06-21,23501.1,13.18
2024-06-24,23537.85,14.06
2024-06-25,23721.3,14.31
2024-06-26,23868.8,14.05
2024-06-27,24044.5,14.15
2024-06-28,24010.6,13.8
2024-07-01,24141.95,13.83
2024-07-02,24123.85,13.64
2024-07-03,24286.5,13.21
2024-07-04,24302.15,12.86
2024-07-05,24323.85,12.7
2024-07-08,24320.55,13.6
2024-07-09,24433.2,14.28
2024-07-10,24324.45,14.43
2024-07-11,24315.95,14.0
2024-07-12,24502.15,13.73
2024-07-15,24586.7,14.19
2024-07-16,24613.0,14.22
2024-07-18,24800.85,14.51
2024-07-19,24530.9,14.83
2024-07-22,24509.25,15.44
2024-07-23,24479.05,12.75
2024-07-24,24413.5,11.76
2024-07-25,24406.1,12.62
2024-07-26,24834.85,12.25
2024-07-29,24836.1,12.95
2024-07-30,24857.3,12.88
2024-07-31,24951.15,13.25
2024-08-01,25010.9,12.93
2024-08-02,24717.7,14.32
2024-08-05,24055.6,20.37
2024-08-06,23992.55,18.74
2024-08-07,24297.5,16.17
2024-08-08,24117.0,16.6
2024-08-09,24367.5,15.34
2024-08-12,24347.0,15.87
2024-08-13,24139.0,16.17
2024-08-14,24143.75,15.44
2024-08-16,24541.15,14.4
2024-08-19,24572.65,14.32
2024-08-20,24698.85,13.82
2024-08-21,24770.2,13.33
2024-08-22,24811.5,13.0
2024-08-23,24823.15,13.55
2024-08-26,25010.6,13.8
2024-08-27,25017.75,13.63
2024-08-28,25052.35,13.95
2024-08-29,25151.95,13.79
2024-08-30,25235.9,13.39
2024-09-02,25278.7,14.06
2024-09-03,25279.85,13.84
2024-09-04,25198.7,14.38
2024-09-05,25145.1,14.21
2024-09-06,24852.15,15.22
2024-09-09,24936.4,14.24
2024-09-10,25041.1,13.36
2024-09-11,24918.45,13.63
2024-09-12,25388.9,13.18
2024-09-13,25356.5,12.55
2024-09-16,25383.75,12.46
2024-09-17,25418.55,12.59
2024-09-18,25377.55,13.37
2024-09-19,25415.8,12.47
2024-09-20,25790.95,12.79
2024-09-23,25939.05,13.79
2024-09-24,25940.4,13.39
2024-09-25,26004.15,12.74
2024-09-26,26216.05,12.0
2024-09-27,26178.95,11.96
2024-09-30,25810.85,12.79
2024-10-01,25796.9,11.99
2024-10-03,25250.1,13.17
2024-10-04,25014.6,14.13
2024-10-07,24795.75,15.08
2024-10-08,25013.15,14.59
2024-10-09,24981.95,14.12
2024-10-10,24998.45,13.5
2024-10-11,24964.25,13.22
2024-10-14,25127.95,13.0
2024-10-15,25057.35,13.0
2024-10-16,24971.3,13.05
2024-10-17,24749.85,13.39
2024-10-18,24854.05,13.04
2024-10-21,24781.1,13.76
2024-10-22,24472.1,14.4
2024-10-23,24435.5,14.62
2024-10-24,24399.4,13.97
2024-10-25,24180.8,14.63
2024-10-28,24339.15,14.29
2024-10-29,24466.85,14.52
2024-10-30,24340.85,15.51
2024-10-31,24205.35,15.55
2024-11-01,24304.35,15.9
2024-11-04,23995.35,16.69
2024-11-05,24213.3,16.12
2024-11-06,24484.05,14.87
2024-11-07,24199.35,14.94
2024-11-08,24148.2,14.47
2024-11-11,24141.3,14.27
2024-11-12,23883.45,14.59
2024-11-13,23559.05,15.44
2024-11-14,23532.7,14.78
2024-11-18,23453.8,15.17
2024-11-19,23518.5,15.66
2024-11-21,23349.9,15.99
2024-11-22,23907.25,16.1
2024-11-25,24221.9,15.3
2024-11-26,24194.5,15.31
2024-11-27,24274.9,14.63
2024-11-28,23914.15,15.21
2024-11-29,24131.1,14.43
2024-12-02,24276.05,14.7
2024-12-03,24457.15,14.37
2024-12-04,24467.45,14.45
2024-12-05,24708.4,14.53
2024-12-06,24677.8,14.14
2024-12-09,24619.0,14.11
2024-12-10,24610.05,13.78
2024-12-11,24641.8,13.27
2024-12-12,24548.7,13.19
2024-12-13,24768.3,13.05
2024-12-16,24668.25,14.02
2024-12-17,24336.0,14.49
2024-12-18,24198.85,14.37
2024-12-19,23951.7,14.51
2024-12-20,23587.5,15.07
2024-12-23,23753.45,13.52
2024-12-24,23727.65,13.18
2024-12-26,23750.2,14.04
2024-12-27,23813.4,13.24
2024-12-30,23644.9,13.97
2024-12-31,23644.8,14.45
2025-01-01,23742.9,14.45
2025-01-02,24188.65,13.74
2025-01-03,24004.75,13.54
2025-01-06,23616.05,15.65
2025-01-07,23707.9,14.66
2025-01-08,23688.95,14.47
2025-01-09,23526.5,14.66
2025-01-10,23431.5,14.92
2025-01-13,23085.95,16.0
2025-01-14,23176.05,15.47
2025-01-15,23213.2,15.26
2025-01-16,23311.8,15.47
2025-01-17,23203.2,15.75
2025-01-20,23344.75,16.42
2025-01-21,23024.65,17.06
2025-01-22,23155.35,16.77
2025-01-23,23205.35,16.7
2025-01-24,23092.2,16.75
2025-01-27,22829.15,18.13
2025-01-28,22957.25,18.2
2025-01-29,23163.1,18.64
2025-01-30,23249.5,17.39
2025-01-31,23508.4,16.25
2025-02-01,23482.15,16.25
2025-02-03,23361.05,14.35
2025-02-04,23739.25,14.02
2025-02-05,23696.3,14.08
2025-02-06,23603.35,14.18
2025-02-07,23559.95,13.69
2025-02-10,23381.6,14.45
2025-02-11,23071.8,14.87
2025-02-12,23045.25,14.9
2025-02-13,23031.4,14.96
2025-02-14,22929.25,15.02
2025-02-17,22959.5,15.72
2025-02-18,22945.3,15.67
2025-02-19,22932.9,15.42
2025-02-20,22913.15,14.68
2025-02-21,22795.9,14.53
2025-02-24,22553.35,14.44
2025-02-25,22547.55,13.72
2025-02-27,22545.05,13.31
2025-02-28,22124.7,13.91
2025-03-03,22119.3,13.76
2025-03-04,22082.65,13.83
2025-03-05,22337.3,13.67
2025-03-06,22544.7,13.73
2025-03-07,22552.5,13.47
2025-03-10,22460.3,13.99
2025-03-11,22497.9,14.07
2025-03-12,22470.5,13.69
2025-03-13,22397.2,13.28
2025-03-17,22508.75,13.42
2025-03-18,22834.3,13.21
2025-03-19,22907.6,13.3
2025-03-20,23190.65,12.6
2025-03-21,23350.4,12.58
2025-03-24,23658.35,13.7
2025-03-25,23668.65,13.64
2025-03-26,23486.85,13.47
2025-03-27,23591.95,13.3
2025-03-28,23519.35,12.72
2025-04-01,23165.7,13.78
2025-04-02,23332.35,13.72
2025-04-03,23250.1,13.6
2025-04-04,22904.45,13.76
2025-04-07,22161.6,22.79
2025-04-08,22535.85,20.44
2025-04-09,22399.15,21.43
2025-04-11,22828.55,20.11
2025-04-15,23328.55,16.13
2025-04-16,23437.2,15.87
2025-04-17,23851.65,15.47
2025-04-21,24125.55,15.52
2025-04-22,24167.25,15.23
2025-04-23,24328.95,15.96
2025-04-24,24246.7,16.25
2025-04-25,24039.35,17.16
2025-04-28,24328.5,16.94
2025-04-29,24335.95,17.37
2025-04-30,24334.2,18.22
2025-05-02,24346.7,18.26
2025-05-05,24461.15,18.34
2025-05-06,24379.6,19.0
2025-05-07,24414.4,19.06
2025-05-08,24273.8,21.01
2025-05-09,24008.0,21.63
2025-05-12,24924.7,18.39
2025-05-13,24578.35,18.2
2025-05-14,24666.9,17.23
2025-05-15,25062.1,16.89
2025-05-16,25019.8,16.55
2025-05-19,24945.45,17.36
2025-05-20,24683.9,17.39
2025-05-21,24813.45,17.55
2025-05-22,24609.7,17.26
2025-05-23,24853.15,17.28
2025-05-26,25001.15,18.02
2025-05-27,24826.2,18.54
2025-05-28,24752.45,18.02
2025-05-29,24833.6,16.42
2025-05-30,24750.7,16.08
2025-06-02,24716.6,17.16
2025-06-03,24542.5,16.56
2025-06-04,24620.2,15.75
2025-06-05,24750.9,15.08
2025-06-06,25003.05,14.63
2025-06-09,25103.2,14.69
2025-06-10,25104.25,14.02
2025-06-11,25141.4,13.67
2025-06-12,24888.2,14.02
2025-06-13,24718.6,15.08
2025-06-16,24946.5,14.84
2025-06-17,24853.4,14.4
2025-06-18,24812.05,14.28
2025-06-19,24793.25,14.26
2025-06-20,25112.4,13.67
2025-06-23,24971.9,14.05
2025-06-24,25044.35,13.64
2025-06-25,25244.75,12.96
2025-06-26,25549.0,12.59
2025-06-27,25637.8,12.39
2025-06-30,25517.05,12.79
2025-07-01,25541.8,12.53
2025-07-02,25453.4,12.45
2025-07-03,25405.3,12.39
2025-07-04,25461.0,12.32
2025-07-07,25461.3,12.56
2025-07-08,25522.5,12.2
2025-07-09,25476.1,11.94
2025-07-10,25355.25,11.67
2025-07-11,25149.85,11.82
2025-07-14,25082.3,11.98
2025-07-15,25195.8,11.48
2025-07-16,25212.05,11.24
2025-07-17,25111.45,11.24
2025-07-18,24968.4,11.39
2025-07-21,25090.7,11.2
2025-07-22,25060.9,10.75
2025-07-23,25219.9,10.52
2025-07-24,25062.1,10.72
2025-07-25,24837.0,11.28
2025-07-28,24680.9,12.06
2025-07-29,24821.1,11.53
2025-07-30,24855.05,11.21
2025-07-31,24768.35,11.54
2025-08-01,24565.35,11.98
2025-08-04,24722.75,11.97
2025-08-05,24649.55,11.71
2025-08-06,24574.2,11.96
2025-08-07,24596.15,11.69
2025-08-08,24363.3,12.03
2025-08-11,24585.05,12.22
2025-08-12,24487.4,12.23
2025-08-13,24619.35,12.14
2025-08-14,24631.3,12.36
2025-08-18,24876.95,12.34
2025-08-19,24980.65,11.79
2025-08-20,25050.55,11.79
2025-08-21,25083.75,11.37
2025-08-22,24870.1,11.73
2025-08-25,24967.75,11.76
2025-08-26,24712.05,12.19
2025-08-28,24500.9,12.18
2025-08-29,24426.85,11.75
2025-09-01,24625.05,11.29
2025-09-02,24579.6,11.4
2025-09-03,24715.05,10.93
2025-09-04,24734.3,10.85
2025-09-05,24741.0,10.78
2025-09-08,24773.15,10.84
2025-09-09,24868.6,10.69
2025-09-10,24973.1,10.54
2025-09-11,25005.5,10.36
2025-09-12,25114.0,10.12
2025-09-15,25069.2,10.4
2025-09-16,25239.1,10.27
2025-09-17,25330.25,10.25
2025-09-18,25423.6,9.89
2025-09-19,25327.05,9.97
2025-09-22,25202.35,10.56
2025-09-23,25169.5,10.63
2025-09-24,25056.9,10.52
2025-09-25,24890.85,10.78
2025-09-26,24654.7,11.43
2025-09-29,24634.9,11.37
2025-09-30,24611.1,11.07
2025-10-01,24836.3,10.29
2025-10-03,24894.25,10.06
2025-10-06,25077.65,10.19
2025-10-07,25108.3,10.05
2025-10-08,25046.15,10.31
2025-10-09,25181.8,10.12
2025-10-10,25285.35,10.1
2025-10-13,25227.35,11.01
2025-10-14,25145.5,11.16
2025-10-15,25323.55,10.53
2025-10-16,25585.3,10.87
2025-10-17,25709.85,11.63
2025-10-20,25843.15,11.36
2025-10-21,25868.6,11.3
2025-10-23,25891.4,11.73
2025-10-24,25795.15,11.59
2025-10-27,25966.05,11.86
2025-10-28,25936.2,11.95
2025-10-29,26053.9,11.97
2025-10-30,25877.85,12.07
2025-10-31,25722.1,12.15
2025-11-03,25763.35,12.67
2025-11-04,25597.65,12.65
2025-11-06,25509.7,12.41
2025-11-07,25492.3,12.56
2025-11-10,25574.35,12.3
2025-11-11,25694.95,12.49
2025-11-12,25875.8,12.11
2025-11-13,25879.15,12.16
2025-11-14,25910.05,11.94
2025-11-17,26013.45,11.79
2025-11-18,25910.05,12.1
2025-11-19,26052.65,11.97
2025-11-20,26192.15,12.14
2025-11-21,26068.15,13.63
2025-11-24,25959.5,13.24
2025-11-25,25884.8,12.24
2025-11-26,26205.3,11.97
2025-11-27,26215.55,11.79
2025-11-28,26202.95,11.62
2025-12-01,26175.75,11.63
2025-12-02,26032.2,11.23
2025-12-03,25986.0,11.21
2025-12-04,26033.75,10.82
2025-12-05,26186.45,10.32
2025-12-08,25960.55,11.13
2025-12-09,25839.65,10.95
2025-12-10,25758.0,10.91
2025-12-11,25898.55,10.4
2025-12-12,26046.95,10.11
2025-12-15,26027.3,10.25
2025-12-16,25860.1,10.06
2025-12-17,25818.55,9.84
2025-12-18,25815.55,9.71
2025-12-19,25966.4,9.52
2025-12-22,26172.4,9.68
2025-12-23,26177.15,9.38
2025-12-24,26142.1,9.19
2025-12-26,26042.3,9.15
2025-12-29,25942.1,9.72
2025-12-30,25938.85,9.68
2025-12-31,26129.6,9.48
2026-01-01,26146.55,9.48
2026-01-02,26328.55,9.45
2026-01-05,26250.3,10.02
2026-01-06,26178.7,10.02
2026-01-07,26140.75,9.95
2026-01-08,25876.85,10.6
2026-01-09,25683.3,10.93
2026-01-12,25790.25,11.37
2026-01-13,25732.3,11.2
2026-01-14,25665.6,11.32
2026-01-16,25694.35,11.37
2026-01-19,25585.5,11.83
2026-01-20,25232.5,12.73
2026-01-21,25157.5,13.78
2026-01-22,25289.9,13.35
2026-01-23,25048.65,14.19
2026-01-27,25175.4,14.45
2026-01-28,25342.75,13.53
2026-01-29,25418.9,13.37
2026-01-30,25320.65,13.63
2026-02-02,25088.4,13.87
2026-02-03,25727.55,12.9
2026-02-04,25776.0,12.25
2026-02-05,25642.8,12.17
2026-02-06,25693.7,11.94
2026-02-09,25867.3,12.19
2026-02-10,25935.15,11.67
2026-02-11,25953.85,11.55
2026-02-12,25807.2,11.73
2026-02-13,25471.1,13.29
2026-02-16,25682.75,13.33
2026-02-17,25725.4,12.67
2026-02-18,25819.35,12.22
2026-02-19,25454.35,13.46
2026-02-20,25571.25,14.36
2026-02-23,25713.0,14.17
2026-02-24,25424.65,14.15
2026-02-25,25482.5,13.49
2026-02-26,25496.55,13.06
2026-02-27,25178.65,13.7
2026-03-02,24865.7,17.13
2026-03-04,24480.5,21.14
2026-03-05,24765.9,17.86
2026-03-06,24450.45,19.88
2026-03-09,24028.05,23.36
2026-03-10,24261.6,18.91
2026-03-11,23866.85,21.06
2026-03-12,23639.15,21.52
2026-03-13,23151.1,22.65
2026-03-16,23408.8,21.6
2026-03-17,23581.15,19.79
2026-03-18,23777.8,18.72
2026-03-19,23002.15,22.8
2026-03-20,23114.5,22.81
2026-03-23,22512.65,26.73
2026-03-24,22912.4,24.74
2026-03-25,23306.45,24.64
2026-03-27,22819.6,26.8
2026-03-30,22331.4,27.89
2026-04-01,22679.4,25.01
2026-04-02,22713.1,25.52
2026-04-06,22968.25,25.47
2026-04-07,23123.65,24.7
2026-04-08,23997.35,19.7
2026-04-09,23775.1,20.43
2026-04-10,24050.6,18.85
2026-04-13,23842.65,20.5
2026-04-15,24231.3,18.67
2026-04-16,24196.75,18.09
2026-04-17,24353.55,17.21
2026-04-20,24364.85,18.79
2026-04-21,24576.6,17.53
2026-04-22,24378.1,18.3
2026-04-23,24173.05,18.59
2026-04-24,23897.95,19.71
2026-04-27,24092.7,18.38
2026-04-28,23995.7,18.05
2026-04-29,24177.65,17.44
2026-04-30,23997.55,18.46
2026-05-04,24119.3,18.3
2026-05-05,24032.8,17.91
2026-05-06,24330.95,16.68
2026-05-07,24326.65,16.62
2026-05-08,24176.15,16.84
2026-05-11,23815.85,18.55
2026-05-12,23379.55,19.28
2026-05-13,23412.6,19.43
2026-05-14,23689.6,18.61
2026-05-15,23643.5,18.79
2026-05-18,23649.95,19.63
2026-05-19,23618.0,18.68
2026-05-20,23659.0,18.44
2026-05-21,23654.7,17.82
2026-05-22,23719.3,17.91
2026-05-25,24031.7,16.7
2026-05-26,23913.7,16.13
2026-05-27,23907.15,14.98
2026-05-29,23547.75,16.19
2026-06-01,23382.6,16.54
2026-06-02,23483.55,15.36
2026-06-03,23405.6,16.28
2026-06-04,23416.55,15.89
2026-06-05,23366.7,15.79
2026-06-08,23123.0,17.03
2026-06-09,23242.1,15.58
2026-06-10,23214.95,15.63
2026-06-11,23161.6,15.61
2026-06-12,23622.9,14.72
2026-06-15,23853.9,14.35
2026-06-16,23989.15,13.36
2026-06-17,24085.7,13.19
2026-06-18,24168.0,12.67
2026-06-19,24013.1,12.97
2026-06-22,24102.9,12.84
2026-06-23,23824.1,13.94
2026-06-24,24021.65,13.39
2026-06-25,24056.0,13.05
2026-06-29,23946.25,13.61
2026-06-30,23865.75,13.6
2026-07-01,24005.85,13.24
2026-07-02,24175.7,12.29
2026-07-03,24270.85,11.8
2026-07-06,24430.35,11.82
2026-07-07,24398.7,11.65
2026-07-08,23882.05,14.68
2026-07-09,23962.8,13.36
2026-07-10,24206.9,12.25
2026-07-13,24211.0,13.28
2026-07-14,24052.05,13.75
2026-07-15,24078.5,13.27
2026-07-16,24072.75,12.88
2026-07-17,24334.3,13.15
2026-07-20,24238.5,12.98
2026-07-21,24187.7,12.6
2026-07-22,23996.25,13.29
2026-07-23,23869.6,13.48
2026-07-24,23767.45,14.03
2026-07-27,23995.95,12.66
2026-07-28,23985.35,12.56
2026-07-29,24250.2,12.01
2026-07-30,24317.15,12.16
