entry,expiry,spot_entry,strike,india_vix,premium_paid,spot_expiry,move_pct,net_pnl_points,return_pct
2016-08-26,2016-09-29,8572.55,8550,13.57,288.22,8591.25,0.22,-252.74,-85.97
2016-09-30,2016-10-27,8611.15,8600,17.18,322.76,8615.25,0.05,-313.97,-95.37
2016-10-28,2016-11-24,8638.00,8650,14.65,275.14,7965.50,-7.79,403.86,143.91
2016-11-25,2016-12-29,8114.30,8100,17.61,350.23,8103.60,-0.13,-353.64,-98.99
2016-12-30,2017-01-25,8185.80,8200,15.47,269.92,8602.75,5.09,127.43,46.28
2017-01-27,2017-02-23,8641.25,8650,16.01,300.77,8939.50,3.45,-17.28,-5.63
2017-02-27,2017-03-30,8896.70,8900,13.68,284.61,9173.75,3.11,-16.55,-5.70
2017-03-31,2017-04-27,9173.75,9150,12.42,252.22,9342.15,1.84,-65.11,-25.31
2017-04-28,2017-05-25,9304.05,9300,10.86,222.12,9509.75,2.21,-16.82,-7.42
2017-05-26,2017-06-29,9595.10,9600,10.86,256.57,9504.10,-0.95,-165.80,-63.36
2017-06-30,2017-07-27,9520.90,9500,11.73,247.30,10020.55,5.25,268.31,106.37
2017-07-28,2017-08-31,10014.50,10000,11.14,277.21,9917.90,-0.96,-200.65,-70.96
2017-09-01,2017-09-28,9974.40,9950,11.68,258.44,9768.95,-2.06,-82.55,-31.32
2017-09-29,2017-10-26,9788.60,9800,12.49,266.34,10343.80,5.67,272.13,100.17
2017-10-27,2017-11-30,10323.05,10300,11.48,295.39,10226.55,-0.93,-227.85,-75.62
2017-12-01,2017-12-28,10121.80,10100,14.80,328.77,10477.90,3.52,42.56,12.69
2017-12-29,2018-01-25,10530.70,10550,12.67,290.17,11069.65,5.12,223.67,75.57
2018-01-29,2018-02-22,11130.40,11150,17.89,407.46,10382.70,-6.72,351.69,84.62
2018-02-23,2018-03-28,10491.05,10500,14.20,358.94,10113.70,-3.60,20.18,5.51
2018-04-02,2018-04-26,10211.80,10200,15.35,322.86,10617.80,3.98,88.49,26.87
2018-04-27,2018-05-31,10692.30,10700,12.02,315.42,10736.15,0.41,-285.58,-88.76
2018-06-01,2018-06-28,10696.20,10700,13.57,316.55,10589.10,-1.00,-211.98,-65.65
2018-06-29,2018-07-26,10714.30,10700,12.94,304.49,11167.30,4.23,156.72,50.46
2018-07-27,2018-08-30,11278.35,11300,12.31,339.42,11676.80,3.53,30.59,8.84
2018-08-31,2018-09-27,11680.50,11700,12.60,320.20,10977.55,-6.02,395.84,121.20
2018-09-28,2018-10-25,10930.45,10950,17.00,403.45,10124.90,-7.37,413.58,100.50
2018-10-26,2018-11-29,10030.00,10050,19.23,469.79,10858.70,8.26,329.51,68.76
2018-11-30,2018-12-27,10876.75,10900,19.16,452.18,10779.80,-0.89,-341.02,-73.94
2018-12-28,2019-01-31,10859.90,10850,15.27,406.88,10830.95,-0.27,-395.97,-95.41
2019-02-01,2019-02-28,10893.65,10900,15.72,372.62,10792.50,-0.93,-272.57,-71.72
2019-03-01,2019-03-28,10863.50,10850,16.27,385.94,11570.00,6.50,326.34,82.90
2019-04-01,2019-04-25,11669.15,11650,18.01,432.19,11641.80,-0.23,-432.63,-98.14
2019-04-26,2019-05-30,11754.65,11750,21.72,622.55,11945.90,1.63,-439.10,-69.15
2019-05-31,2019-06-27,11922.80,11900,16.07,419.25,11841.55,-0.68,-369.19,-86.33
2019-06-28,2019-07-25,11788.85,11800,14.95,383.42,11252.15,-4.55,156.76,40.08
2019-07-26,2019-08-29,11284.30,11300,12.13,335.17,10948.30,-2.98,9.83,2.88
2019-08-30,2019-09-26,11023.25,11000,16.28,392.79,11571.20,4.97,170.55,42.57
2019-09-27,2019-10-31,11512.40,11500,16.11,454.72,11877.45,3.17,-86.36,-18.62
2019-11-01,2019-11-28,11890.60,11900,15.73,406.83,12151.15,2.19,-163.82,-39.48
2019-11-29,2019-12-26,12056.05,12050,13.90,366.25,12126.55,0.58,-297.02,-79.51
2019-12-27,2020-01-30,12245.80,12250,10.53,318.04,12035.80,-1.71,-110.20,-33.97
2020-01-31,2020-02-27,11962.10,11950,17.37,452.96,11633.30,-2.75,-145.32,-31.45
2020-02-28,2020-03-26,11201.75,11200,23.24,565.18,8641.45,-22.86,1982.07,343.82
2020-03-27,2020-04-30,8660.25,8650,70.39,1477.12,9859.90,13.85,-296.76,-19.70
2020-05-04,2020-05-28,9293.50,9300,43.67,828.86,9490.10,2.12,-655.34,-77.51
2020-05-29,2020-06-25,9580.30,9600,30.22,627.59,10288.90,7.40,48.76,7.62
2020-06-26,2020-07-30,10383.00,10400,28.74,725.76,11102.15,6.93,-38.13,-5.15
2020-07-31,2020-08-27,11073.45,11050,24.19,582.39,11559.25,4.39,-84.79,-14.27
2020-08-28,2020-09-24,11647.60,11650,18.35,464.67,10805.55,-7.23,370.49,78.17
2020-09-25,2020-10-29,11050.25,11050,20.68,557.28,11670.80,5.62,52.38,9.21
2020-10-30,2020-11-26,11642.40,11650,24.75,625.08,12987.00,11.55,699.42,109.70
2020-11-27,2020-12-31,12968.95,12950,19.82,628.32,13981.75,7.81,390.86,60.99
2021-01-01,2021-01-28,14018.50,14000,21.10,643.48,13817.55,-1.43,-473.90,-72.20
2021-01-29,2021-02-25,13634.60,13650,25.34,749.30,15097.35,10.73,683.06,89.37
2021-02-26,2021-03-25,14529.15,14550,28.14,886.39,14324.90,-1.41,-679.01,-75.10
2021-03-26,2021-04-29,14507.30,14500,20.65,730.95,14894.90,2.67,-350.67,-47.03
2021-04-30,2021-05-27,14631.10,14650,23.03,730.96,15337.85,4.83,-57.73,-7.74
2021-05-28,2021-06-24,15435.65,15450,17.40,583.61,15790.45,2.30,-254.83,-42.81
2021-06-25,2021-07-29,15860.35,15850,13.37,521.56,15778.45,-0.52,-460.44,-86.55
2021-07-30,2021-08-26,15763.05,15750,12.80,442.31,16636.90,5.54,435.75,96.59
2021-08-27,2021-09-30,16705.20,16700,13.41,550.32,17618.15,5.47,356.83,63.57
2021-10-01,2021-10-28,17532.05,17550,17.21,655.61,17857.25,1.85,-361.47,-54.05
2021-10-29,2021-11-25,17671.65,17650,17.43,671.74,17536.25,-0.77,-571.42,-83.40
2021-11-26,2021-12-30,17026.45,17050,20.80,862.60,17203.95,1.04,-725.90,-82.50
2021-12-31,2022-01-27,17354.05,17350,16.22,613.23,17110.15,-1.41,-385.64,-61.65
2022-01-28,2022-02-24,17101.95,17100,20.70,769.17,16247.95,-4.99,67.50,8.60
2022-02-25,2022-03-31,16658.40,16650,26.74,1084.39,17464.75,4.84,-291.32,-26.34
2022-04-01,2022-04-28,17670.45,17650,18.43,709.53,17245.05,-2.41,-318.77,-44.05
2022-04-29,2022-05-26,17102.55,17100,19.42,722.05,16170.15,-5.45,193.36,26.25
2022-05-27,2022-06-30,16352.45,16350,21.48,856.38,15780.25,-3.50,-303.76,-34.77
2022-07-01,2022-07-28,15752.05,15750,21.25,727.15,16929.60,7.48,437.91,59.04
2022-07-29,2022-08-25,17158.25,17150,16.55,618.79,17522.45,2.12,-258.72,-40.99
2022-08-26,2022-09-29,17558.90,17550,18.22,781.82,16818.10,-4.22,-65.56,-8.22
2022-09-30,2022-10-27,17094.35,17100,19.97,741.57,17736.95,3.76,-119.45,-15.79
2022-10-28,2022-11-24,17786.80,17800,15.92,615.90,18484.10,3.92,55.88,8.90
2022-11-25,2022-12-29,18512.75,18500,13.33,607.09,18191.00,-1.74,-310.23,-50.10
2022-12-30,2023-01-25,18105.30,18100,14.87,576.27,17891.95,-1.18,-379.74,-64.60
2023-01-27,2023-02-23,17604.35,17600,17.32,663.74,17511.25,-0.53,-588.26,-86.89
2023-02-24,2023-03-29,17465.80,17450,14.19,600.01,17080.70,-2.20,-242.71,-39.66
2023-03-31,2023-04-27,17359.75,17350,12.94,491.79,17915.05,3.20,63.42,12.64
2023-04-28,2023-05-25,18065.00,18050,10.95,435.69,18321.15,1.42,-173.26,-38.99
2023-05-26,2023-06-28,18499.35,18500,11.90,533.58,18972.10,2.56,-72.15,-13.26
2023-06-30,2023-07-27,19189.05,19200,10.80,453.43,19659.90,2.45,-2.59,-0.56
2023-07-28,2023-08-31,19646.05,19650,10.14,492.31,19253.80,-2.00,-105.95,-21.10
2023-09-01,2023-09-28,19435.30,19450,11.37,482.66,19523.55,0.45,-418.76,-85.06
2023-09-29,2023-10-26,19638.30,19650,11.45,491.36,18857.25,-3.98,291.56,58.17
2023-10-27,2023-11-30,19047.25,19050,10.91,512.46,20133.15,5.70,560.44,107.22
2023-12-01,2023-12-28,20267.90,20250,12.38,550.68,21778.70,7.45,967.01,172.16
2023-12-29,2024-01-25,21731.40,21750,14.50,685.83,21352.60,-1.74,-302.15,-43.19
2024-01-29,2024-02-29,21737.60,21750,15.68,795.17,21982.80,1.13,-578.27,-71.30
2024-03-01,2024-03-28,22338.75,22350,15.24,741.12,22326.90,-0.05,-732.84,-96.94
2024-04-01,2024-04-25,22462.00,22450,12.08,560.46,22570.35,0.48,-451.32,-78.95
2024-04-26,2024-05-30,22419.95,22400,10.93,607.49,22488.65,0.31,-530.99,-85.69
2024-05-31,2024-06-27,22530.70,22550,24.60,1202.27,24044.50,6.72,268.18,21.87
2024-06-28,2024-07-25,24010.60,24000,13.80,724.13,24406.10,1.65,-332.51,-45.02
2024-07-26,2024-08-29,24834.85,24850,12.25,746.62,25151.95,1.28,-459.60,-60.35
2024-08-30,2024-09-26,25235.90,25250,13.39,736.67,26216.05,3.88,214.65,28.57
2024-09-27,2024-10-31,26178.95,26200,11.96,768.27,24205.35,-7.54,1211.01,154.54
2024-11-01,2024-11-28,24304.35,24300,15.90,842.01,23914.15,-1.61,-473.00,-55.07
2024-11-29,2024-12-26,24131.10,24150,14.43,758.04,23750.20,-1.58,-373.40,-48.29
2024-12-27,2025-01-30,23813.40,23800,13.24,775.44,23249.50,-2.37,-240.45,-30.40
2025-01-31,2025-02-27,23508.40,23500,16.25,832.43,22545.05,-4.10,105.87,12.47
2025-02-28,2025-03-27,22124.70,22100,13.91,673.99,23591.95,6.63,804.48,117.02
2025-03-28,2025-04-24,23519.35,23500,12.72,655.92,24246.70,3.09,77.67,11.61
2025-04-25,2025-05-29,24039.35,24050,17.16,1007.37,24833.60,3.30,-243.92,-23.74
2025-05-30,2025-06-26,24750.70,24750,16.08,866.78,25549.00,3.23,-85.12,-9.63
2025-06-27,2025-07-31,25637.80,25650,12.39,779.73,24768.35,-3.39,86.33,10.85
2025-08-01,2025-08-28,24565.35,24550,11.98,645.71,24500.90,-0.26,-609.53,-92.55
2025-08-29,2025-09-25,24426.85,24450,11.75,626.15,24890.85,1.90,-197.82,-30.97
2025-09-26,2025-10-30,24654.70,24650,11.43,695.01,25877.85,4.96,518.94,73.20
2025-10-31,2025-11-27,25722.10,25700,12.15,686.17,26215.55,1.92,-184.35,-26.34
2025-11-28,2025-12-24,26202.95,26200,11.62,654.38,26142.10,-0.23,-609.57,-91.33
2025-12-26,2026-01-29,26042.30,26050,9.15,590.85,25418.90,-2.39,28.43,4.72
2026-01-30,2026-02-26,25320.65,25300,13.63,755.37,25496.55,0.69,-573.93,-74.49
2026-02-27,2026-03-25,25178.65,25200,13.70,737.06,23306.45,-7.44,1141.75,151.87
2026-03-27,2026-04-30,22819.60,22800,26.80,1489.03,23997.55,5.16,-321.26,-21.15
2026-05-04,2026-05-27,24119.30,24100,18.30,886.81,23907.15,-0.88,-711.70,-78.68
2026-05-29,2026-06-25,23547.75,23550,16.19,830.03,24056.00,2.16,-340.63,-40.23
2026-06-29,2026-07-30,23946.25,23950,13.61,762.65,24317.15,1.55,-410.75,-52.80
