date,equity
2008-08-04,2000000.0
2008-08-11,2000030.08
2008-08-18,1999558.67
2008-08-25,2002353.49
2008-09-01,2001248.0
2008-09-08,1994829.64
2008-09-15,1994048.58
2008-09-22,1998280.43
2008-09-29,1980059.48
2008-10-06,1981250.34
2008-10-13,1977272.91
2008-10-20,1977044.59
2008-10-27,1977044.59
2008-11-03,1977044.59
2008-11-10,1976946.0
2008-11-17,1976946.0
2008-11-24,1976946.0
2008-12-01,1976946.0
2008-12-08,1976946.0
2008-12-15,1976155.97
2008-12-22,1974489.51
2008-12-29,1973270.46
2009-01-05,1971260.62
2009-01-12,1970645.97
2009-01-19,1972927.79
2009-01-26,1972766.45
2009-02-02,1972559.0
2009-02-09,1970388.06
2009-02-16,1972172.77
2009-02-23,1964825.86
2009-03-02,1965958.81
2009-03-09,1969552.31
2009-03-16,1973317.15
2009-03-23,1970102.79
2009-03-30,1975012.37
2009-04-06,1975569.25
2009-04-13,1974330.47
2009-04-20,1975787.34
2009-04-27,1977325.67
2009-05-04,1969568.2
2009-05-11,2026909.25
2009-05-18,2091749.41
2009-05-25,2185072.48
2009-06-01,2131190.6
2009-06-08,2049352.66
2009-06-15,2104385.43
2009-06-22,2129238.67
2009-06-29,2016729.73
2009-07-06,2094477.59
2009-07-13,2180320.3
2009-07-20,2259783.53
2009-07-27,2202500.43
2009-08-03,2223148.03
2009-08-10,2201584.42
2009-08-17,2283725.04
2009-08-24,2293387.72
2009-08-31,2325793.07
2009-09-07,2431794.79
2009-09-14,2470192.74
2009-09-21,2516484.13
2009-09-28,2490209.06
2009-10-05,2609801.04
2009-10-12,2610470.39
2009-10-19,2493003.44
2009-10-26,2551510.19
2009-11-02,2612383.83
2009-11-09,2627832.93
2009-11-16,2603523.31
2009-11-23,2718002.43
2009-11-30,2716458.17
2009-12-07,2696615.62
2009-12-14,2748968.34
2009-12-21,2786805.99
2009-12-28,2877112.56
2010-01-04,2962028.3
2010-01-11,2857418.96
2010-01-18,2746179.11
2010-01-25,2703188.1
2010-02-01,2753901.06
2010-02-08,2724585.26
2010-02-15,2696748.93
2010-02-22,2757561.55
2010-03-01,2784022.28
2010-03-08,2792638.47
2010-03-15,2807966.61
2010-03-22,2811973.17
2010-03-29,2881775.22
2010-04-05,2880558.46
2010-04-12,2907123.03
2010-04-19,2916994.73
2010-04-26,2826194.03
2010-05-03,2866419.01
2010-05-10,2789826.11
2010-05-17,2809702.45
2010-05-24,2875627.31
2010-05-31,2891967.49
2010-06-07,2955368.88
2010-06-14,3033135.16
2010-06-21,3065097.64
2010-06-28,3144290.33
2010-07-05,3185050.25
2010-07-12,3210903.34
2010-07-19,3221388.84
2010-07-26,3255769.09
2010-08-02,3265064.06
2010-08-09,3326898.35
2010-08-16,3251827.78
2010-08-23,3348338.65
2010-08-30,3426745.83
2010-09-06,3493903.78
2010-09-13,3475731.42
2010-09-20,3545482.94
2010-09-27,3577641.81
2010-10-04,3568996.09
2010-10-11,3553696.38
2010-10-18,3549068.29
2010-10-25,3682022.11
2010-11-01,3621754.65
2010-11-08,3492778.79
2010-11-15,3417054.37
2010-11-22,3461795.9
2010-11-29,3334112.89
2010-12-06,3350930.76
2010-12-13,3357562.89
2010-12-20,3396398.92
2010-12-27,3349640.04
2011-01-03,3312866.76
2011-01-10,3336251.19
2011-01-17,3289800.2
2011-01-24,3266796.82
2011-01-31,3258765.94
2011-02-07,3259575.05
2011-02-14,3258556.69
2011-02-21,3261422.82
2011-02-28,3265206.91
2011-03-07,3261240.73
2011-03-14,3257188.33
2011-03-21,3257648.92
2011-03-28,3258312.01
2011-04-04,3247864.66
2011-04-11,3256041.43
2011-04-18,3286918.49
2011-04-25,3242574.56
2011-05-02,3244457.65
2011-05-09,3229192.19
2011-05-16,3227768.87
2011-05-23,3244526.85
2011-05-30,3258382.2
2011-06-06,3249684.8
2011-06-13,3225670.61
2011-06-20,3305778.65
2011-06-27,3326052.75
2011-07-04,3362738.42
2011-07-11,3418132.57
2011-07-18,3418440.94
2011-07-25,3303026.09
2011-08-01,3275766.81
2011-08-08,3202380.27
2011-08-15,3205455.63
2011-08-22,3248764.13
2011-08-29,3260053.63
2011-09-05,3236659.32
2011-09-12,3207757.99
2011-09-19,3183085.53
2011-09-26,3152336.01
2011-10-03,3182494.94
2011-10-10,3184008.45
2011-10-17,3206897.51
2011-10-24,3230166.6
2011-10-31,3211190.45
2011-11-07,3074628.24
2011-11-14,3053740.27
2011-11-21,3069523.87
2011-11-28,3051579.55
2011-12-05,3017222.88
2011-12-12,3009555.76
2011-12-19,3009817.83
2011-12-26,3004423.4
2012-01-02,3008404.13
2012-01-09,3009678.77
2012-01-16,3013166.37
2012-01-23,3021443.23
2012-01-30,3066217.34
2012-02-06,3120556.88
2012-02-13,3039502.61
2012-02-20,3076554.91
2012-02-27,3098204.91
2012-03-05,3098949.9
2012-03-12,3163843.43
2012-03-19,3210879.96
2012-03-26,3272690.6
2012-04-02,3260629.89
2012-04-09,3347378.73
2012-04-16,3308299.79
2012-04-23,3204654.03
2012-04-30,3183471.86
2012-05-07,3140280.43
2012-05-14,3183098.18
2012-05-21,3173212.32
2012-05-28,3190104.61
2012-06-04,3175074.32
2012-06-11,3189201.96
2012-06-18,3234031.61
2012-06-25,3259738.44
2012-07-02,3244807.86
2012-07-09,3273497.57
2012-07-16,3233509.51
2012-07-23,3310694.82
2012-07-30,3377127.7
2012-08-06,3398823.68
2012-08-13,3439974.73
2012-08-20,3397101.32
2012-08-27,3432465.1
2012-09-03,3464816.63
2012-09-10,3472651.14
2012-09-17,3600498.35
2012-09-24,3628319.44
2012-10-01,3644362.75
2012-10-08,3667786.7
2012-10-15,3718415.97
2012-10-22,3728983.91
2012-10-29,3830194.84
2012-11-05,3881634.91
2012-11-12,3852509.49
2012-11-19,3965831.52
2012-11-26,4054791.31
2012-12-03,4004547.87
2012-12-10,4041414.76
2012-12-17,4056020.81
2012-12-24,4167071.29
2012-12-31,4068000.27
2013-01-07,4055898.51
2013-01-14,4016625.6
2013-01-21,4048569.23
2013-01-28,3946102.27
2013-02-04,3910174.51
2013-02-11,3903309.39
2013-02-18,3844465.92
2013-02-25,3891504.94
2013-03-04,3869229.83
2013-03-11,3778824.52
2013-03-18,3801500.96
2013-03-25,3788430.12
2013-04-01,3727938.3
2013-04-08,3720584.06
2013-04-15,3734806.73
2013-04-22,3762578.46
2013-04-29,3813185.09
2013-05-06,3865663.83
2013-05-13,3815757.64
2013-05-20,3890348.97
2013-05-27,3880017.41
2013-06-03,3807538.96
2013-06-10,3784121.03
2013-06-17,3768175.9
2013-06-24,3793869.99
2013-07-01,3846656.55
2013-07-08,3910249.48
2013-07-15,3809972.74
2013-07-22,3665495.65
2013-07-29,3630855.52
2013-08-05,3654800.74
2013-08-12,3612224.26
2013-08-19,3635860.6
2013-08-26,3623662.6
2013-09-02,3620878.78
2013-09-09,3624816.39
2013-09-16,3648468.28
2013-09-23,3715291.2
2013-09-30,3834623.41
2013-10-07,3835242.4
2013-10-14,3858160.71
2013-10-21,3925074.23
2013-10-28,3991661.45
2013-11-04,3993774.62
2013-11-11,3998574.55
2013-11-18,4094508.67
2013-11-25,4157113.5
2013-12-02,4143194.32
2013-12-09,4392299.37
2013-12-16,4474126.59
2013-12-23,4506824.19
2013-12-30,4524367.17
2014-01-06,4455012.53
2014-01-13,4446513.16
2014-01-20,4376774.54
2014-01-27,4460863.56
2014-02-03,4490754.86
2014-02-10,4603674.22
2014-02-17,4686098.53
2014-02-24,4657674.05
2014-03-03,4617006.45
2014-03-10,4744910.98
2014-03-17,4907138.72
2014-03-24,5040724.34
2014-03-31,5155588.74
2014-04-07,5155358.02
2014-04-14,5255958.15
2014-04-21,5286817.69
2014-04-28,5460368.54
2014-05-05,5641333.45
2014-05-12,6353172.81
2014-05-19,6259123.2
2014-05-26,6771116.67
2014-06-02,6778153.97
2014-06-09,6879470.67
2014-06-16,7124014.72
2014-06-23,7454304.64
2014-06-30,6994378.01
2014-07-07,7303415.39
2014-07-14,7268639.42
2014-07-21,7265547.46
2014-07-28,7214461.79
2014-08-04,7279376.45
2014-08-11,7568809.79
2014-08-18,7671968.39
2014-08-25,8105317.09
2014-09-01,8494892.56
2014-09-08,8630858.18
2014-09-15,8342274.62
2014-09-22,8467031.84
2014-09-29,8249955.91
2014-10-06,8087865.26
2014-10-13,8252370.15
2014-10-20,8492355.71
2014-10-27,8644516.12
2014-11-03,8882823.7
2014-11-10,8965340.07
2014-11-17,8955733.25
2014-11-24,9254541.13
2014-12-01,8955843.46
2014-12-08,8877961.79
2014-12-15,8911137.48
2014-12-22,9287182.39
2014-12-29,9281527.07
2015-01-05,9356045.04
2015-01-12,9445864.95
2015-01-19,9383610.66
2015-01-26,9089556.05
2015-02-02,9387899.8
2015-02-09,9581738.76
2015-02-16,9558265.75
2015-02-23,9794483.07
2015-03-02,9717821.56
2015-03-09,9455397.17
2015-03-16,9234872.53
2015-03-23,9512802.97
2015-03-30,9760058.99
2015-04-06,9402025.44
2015-04-13,8937026.91
2015-04-20,8933676.64
2015-04-27,8885232.33
2015-05-04,8948038.61
2015-05-11,9018451.96
2015-05-18,9034713.5
2015-05-25,8867428.37
2015-06-01,8790343.74
2015-06-08,8929852.08
2015-06-15,9040987.78
2015-06-22,9255173.68
2015-06-29,9386218.56
2015-07-06,9637832.53
2015-07-13,9751033.72
2015-07-20,10054556.66
2015-07-27,10305868.51
2015-08-03,10099823.53
2015-08-10,10084095.56
2015-08-17,9567575.76
2015-08-24,9370232.44
2015-08-31,9413349.31
2015-09-07,9470371.58
2015-09-14,9473388.04
2015-09-21,9553692.83
2015-09-28,9498963.07
2015-10-05,9533739.96
2015-10-12,9635926.81
2015-10-19,9570513.3
2015-10-26,9367763.4
2015-11-02,9478396.27
2015-11-09,9552477.0
2015-11-16,9651367.45
2015-11-23,9660230.03
2015-11-30,9422977.89
2015-12-07,9589695.25
2015-12-14,9617841.11
2015-12-21,9722806.98
2015-12-28,9562618.34
2016-01-04,8935100.74
2016-01-11,8746719.42
2016-01-18,8804801.0
2016-01-25,8734701.13
2016-02-01,8517288.8
2016-02-08,8534356.33
2016-02-15,8511310.57
2016-02-22,8538486.6
2016-02-29,8546925.64
2016-03-07,8581635.8
2016-03-14,8573394.82
2016-03-21,8618436.03
2016-03-28,8606940.6
2016-04-04,8744700.78
2016-04-11,8710949.92
2016-04-18,8714313.59
2016-04-25,8662994.06
2016-05-02,8939084.22
2016-05-09,8808334.02
2016-05-16,9117259.91
2016-05-23,9236213.07
2016-05-30,9302849.86
2016-06-06,9323933.4
2016-06-13,9218154.23
2016-06-20,9804279.27
2016-06-27,9933379.88
2016-07-04,9986964.89
2016-07-11,10211975.3
2016-07-18,10502774.12
2016-07-25,10660498.83
2016-08-01,10516109.85
2016-08-08,10703836.06
2016-08-15,10631864.42
2016-08-22,10949275.27
2016-08-29,11122045.9
2016-09-05,10935070.5
2016-09-12,11101157.32
2016-09-19,10856008.72
2016-09-26,11221363.81
2016-10-03,11218570.07
2016-10-10,11318099.77
2016-10-17,11190131.04
2016-10-24,10784224.47
2016-10-31,10578646.62
2016-11-07,10203569.92
2016-11-14,10169035.09
2016-11-21,10253558.12
2016-11-28,10392692.02
2016-12-05,10316774.15
2016-12-12,10079169.3
2016-12-19,10127527.61
2016-12-26,10290100.03
2017-01-02,10378632.03
2017-01-09,10436164.83
2017-01-16,10681704.11
2017-01-23,10853327.44
2017-01-30,11138426.6
2017-02-06,11101719.05
2017-02-13,11046308.99
2017-02-20,11017268.94
2017-02-27,11079177.69
2017-03-06,11383795.39
2017-03-13,11411022.17
2017-03-20,11722657.86
2017-03-27,11961846.17
2017-04-03,11990033.88
2017-04-10,12315068.13
2017-04-17,12256678.03
2017-04-24,12316981.68
2017-05-01,12432219.11
2017-05-08,12297285.13
2017-05-15,12210815.16
2017-05-22,12351594.45
2017-05-29,12531148.08
2017-06-05,12685529.87
2017-06-12,12447127.48
2017-06-19,12568583.27
2017-06-26,12818918.41
2017-07-03,12768216.51
2017-07-10,12955501.32
2017-07-17,13074363.51
2017-07-24,13402584.44
2017-07-31,12728827.31
2017-08-07,13267153.4
2017-08-14,13341585.38
2017-08-21,14113418.66
2017-08-28,14574813.72
2017-09-04,15157471.99
2017-09-11,14764366.21
2017-09-18,14712060.2
2017-09-25,15518535.55
2017-10-02,15963616.9
2017-10-09,15992834.18
2017-10-16,16321012.41
2017-10-23,17023134.95
2017-10-30,17019002.01
2017-11-06,17037408.63
2017-11-13,17096398.71
2017-11-20,16937929.73
2017-11-27,17267360.8
2017-12-04,17264636.58
2017-12-11,17950926.92
2017-12-18,18355378.77
2017-12-25,19193784.18
2018-01-01,19783073.47
2018-01-08,19337460.45
2018-01-15,19650151.51
2018-01-22,18031292.67
2018-01-29,17587637.3
2018-02-05,17569470.55
2018-02-12,17556969.03
2018-02-19,17598916.07
2018-02-26,17317961.55
2018-03-05,17274206.38
2018-03-12,17016321.59
2018-03-19,17087714.77
2018-03-26,17188076.65
2018-04-02,17317745.26
2018-04-09,17545371.32
2018-04-16,17845054.14
2018-04-23,17669480.68
2018-04-30,17640976.87
2018-05-07,17456824.03
2018-05-14,17566247.23
2018-05-21,17506523.11
2018-05-28,17444598.59
2018-06-04,17601704.34
2018-06-11,17499473.4
2018-06-18,17380946.32
2018-06-25,17498171.63
2018-07-02,17837951.5
2018-07-09,17811248.51
2018-07-16,18122605.11
2018-07-23,18378818.46
2018-07-30,18469493.76
2018-08-06,18860586.96
2018-08-13,19037153.76
2018-08-20,19397553.29
2018-08-27,18985079.4
2018-09-03,18702583.21
2018-09-10,18150311.12
2018-09-17,17785647.97
2018-09-24,17463953.54
2018-10-01,17321535.27
2018-10-08,17336973.06
2018-10-15,17324118.07
2018-10-22,17354978.47
2018-10-29,17392861.1
2018-11-05,17383073.88
2018-11-12,17353683.02
2018-11-19,17375761.96
2018-11-26,17240405.96
2018-12-03,17269414.48
2018-12-10,17325430.38
2018-12-17,17354997.13
2018-12-24,17274142.19
2018-12-31,17341814.4
2019-01-07,17232998.01
2019-01-14,17149625.22
2019-01-21,17182919.09
2019-01-28,17164520.29
2019-02-04,16964396.45
2019-02-11,16987020.06
2019-02-18,16996971.05
2019-02-25,17057855.47
2019-03-04,17190647.18
2019-03-11,17145224.89
2019-03-18,17392713.37
2019-03-25,17339211.02
2019-04-01,17276649.63
2019-04-08,17358722.74
2019-04-15,17247540.62
2019-04-22,17177444.62
2019-04-29,16749113.63
2019-05-06,16860434.91
2019-05-13,17288726.07
2019-05-20,17424444.58
2019-05-27,17139191.74
2019-06-03,16951603.8
2019-06-10,16826144.66
2019-06-17,17041587.86
2019-06-24,16866261.34
2019-07-01,16409320.26
2019-07-08,16171920.13
2019-07-15,16129873.88
2019-07-22,16025824.96
2019-07-29,16042570.85
2019-08-05,16013360.3
2019-08-12,15938431.21
2019-08-19,16096724.91
2019-08-26,16016029.0
2019-09-02,16081574.77
2019-09-09,16164537.82
2019-09-16,16375574.24
2019-09-23,15991628.51
2019-09-30,16082531.77
2019-10-07,16420106.49
2019-10-14,16654828.14
2019-10-21,16958067.82
2019-10-28,16658111.92
2019-11-04,16498315.66
2019-11-11,16165363.44
2019-11-18,16391755.15
2019-11-25,16200135.53
2019-12-02,16302121.42
2019-12-09,16387287.7
2019-12-16,16443872.99
2019-12-23,16539848.25
2019-12-30,16685190.66
2020-01-06,17331904.29
2020-01-13,17562612.4
2020-01-20,16882507.19
2020-01-27,17412069.93
2020-02-03,17469170.91
2020-02-10,17578634.55
2020-02-17,16531661.84
2020-02-24,16492132.54
2020-03-02,15693400.7
2020-03-09,15343914.72
2020-03-16,14953201.21
2020-03-23,14979731.42
2020-03-30,14979077.34
2020-04-06,14842281.22
2020-04-13,14923509.84
2020-04-20,14868168.2
2020-04-27,14758157.75
2020-05-04,14657251.71
2020-05-11,14722942.05
2020-05-18,14755186.4
2020-05-25,14849854.56
2020-06-01,14976474.17
2020-06-08,15437835.09
2020-06-15,15512395.93
2020-06-22,15306794.47
2020-06-29,15481680.16
2020-07-06,15672114.25
2020-07-13,16065680.91
2020-07-20,16673864.02
2020-07-27,17380071.0
2020-08-03,17535579.23
2020-08-10,17985982.78
2020-08-17,18040196.99
2020-08-24,17723296.64
2020-08-31,17625319.5
2020-09-07,18582989.26
2020-09-14,17791954.58
2020-09-21,18371687.23
2020-09-28,18429985.74
2020-10-05,18339930.67
2020-10-12,18694023.7
2020-10-19,18727243.41
2020-10-26,19077681.5
2020-11-02,19643211.51
2020-11-09,19532738.0
2020-11-16,20192917.74
2020-11-23,20649999.15
2020-11-30,20856785.09
2020-12-07,21070045.25
2020-12-14,21358405.98
2020-12-21,22227150.38
2020-12-28,23118213.53
2021-01-04,22835957.72
2021-01-11,22742362.98
2021-01-18,22030399.66
2021-01-25,23788274.94
2021-02-01,24535332.11
2021-02-08,24777589.12
2021-02-15,25633790.25
2021-02-22,26516111.86
2021-03-01,27525512.2
2021-03-08,26938514.58
2021-03-15,26497773.57
2021-03-22,27516729.1
2021-03-29,28337074.0
2021-04-05,27545728.34
2021-04-12,27427399.63
2021-04-19,28110726.34
2021-04-26,29570734.87
2021-05-03,28834013.42
2021-05-10,30142929.52
2021-05-17,30473596.89
2021-05-24,31734166.42
2021-05-31,32655309.48
2021-06-07,31820829.05
2021-06-14,32180128.77
2021-06-21,33287613.59
2021-06-28,33490558.37
2021-07-05,34224721.65
2021-07-12,34366518.08
2021-07-19,34674103.19
2021-07-26,34451892.79
2021-08-02,34069633.29
2021-08-09,33467578.71
2021-08-16,33901918.69
2021-08-23,35070706.99
2021-08-30,35371178.5
2021-09-06,35899827.99
2021-09-13,36196358.06
2021-09-20,35915906.61
2021-09-27,37108327.81
2021-10-04,38372888.55
2021-10-11,36861132.85
2021-10-18,35650819.45
2021-10-25,36651481.9
2021-11-01,37413793.49
2021-11-08,37415945.1
2021-11-15,36633557.75
2021-11-22,36912052.31
2021-11-29,37620393.13
2021-12-06,36511744.32
2021-12-13,36207870.55
2021-12-20,37310955.53
2021-12-27,38575035.56
2022-01-03,39629742.18
2022-01-10,38956656.21
2022-01-17,37749999.82
2022-01-24,38819972.94
2022-01-31,37497744.47
2022-02-07,36290236.02
2022-02-14,35150300.63
2022-02-21,35297077.07
2022-02-28,35457352.17
2022-03-07,35770298.87
2022-03-14,36480174.65
2022-03-21,37337865.51
2022-03-28,38997180.39
2022-04-04,39344420.16
2022-04-11,39709316.64
2022-04-18,39205273.42
2022-04-25,37651422.67
2022-05-02,35475590.1
2022-05-09,36199115.03
2022-05-16,35084202.46
2022-05-23,35360645.26
2022-05-30,35358650.38
2022-06-06,34459302.27
2022-06-13,34417518.51
2022-06-20,34823222.65
2022-06-27,35343290.86
2022-07-04,35603960.88
2022-07-11,36470089.0
2022-07-18,36687572.57
2022-07-25,37407536.32
2022-08-01,38204446.62
2022-08-08,38389454.51
2022-08-15,39134685.73
2022-08-22,39944677.16
2022-08-29,40645202.69
2022-09-05,40808368.11
2022-09-12,40774472.42
2022-09-19,40045303.78
2022-09-26,40819470.78
2022-10-03,39800623.41
2022-10-10,40646717.24
2022-10-17,41223357.28
2022-10-24,41834317.98
2022-10-31,41951099.74
2022-11-07,42043083.22
2022-11-14,42829123.38
2022-11-21,44028430.23
2022-11-28,43945431.56
2022-12-05,44150081.28
2022-12-12,39964742.43
2022-12-19,40672900.05
2022-12-26,40838002.92
2023-01-02,40813889.72
2023-01-09,40803895.64
2023-01-16,38817202.77
2023-01-23,39133581.02
2023-01-30,39214251.99
2023-02-06,39084630.12
2023-02-13,38744283.5
2023-02-20,39046706.04
2023-02-27,39870643.21
2023-03-06,39004661.24
2023-03-13,38561174.49
2023-03-20,39165798.88
2023-03-27,39649375.37
2023-04-03,39678819.26
2023-04-10,39982039.73
2023-04-17,40629500.09
2023-04-24,41629291.84
2023-05-01,41843614.51
2023-05-08,42179992.01
2023-05-15,42487424.92
2023-05-22,43264989.77
2023-05-29,43754586.35
2023-06-05,45029887.62
2023-06-12,44412252.4
2023-06-19,45907602.3
2023-06-26,47206939.38
2023-07-03,48958717.27
2023-07-10,50410117.65
2023-07-17,51181048.81
2023-07-24,51905563.12
2023-07-31,53525029.54
2023-08-07,54336450.52
2023-08-14,56617142.8
2023-08-21,58430424.66
2023-08-28,60156664.28
2023-09-04,59069563.58
2023-09-11,57167725.95
2023-09-18,58028231.83
2023-09-25,58079482.42
2023-10-02,58494304.87
2023-10-09,58201708.52
2023-10-16,56207961.34
2023-10-23,57444063.32
2023-10-30,59163136.24
2023-11-06,61724028.57
2023-11-13,61408210.28
2023-11-20,62911102.84
2023-11-27,63845778.77
2023-12-04,65583021.3
2023-12-11,65503098.57
2023-12-18,66529862.71
2023-12-25,69262343.1
2024-01-01,70962303.84
2024-01-08,73361298.62
2024-01-15,75654735.58
2024-01-22,79527018.11
2024-01-29,79484979.55
2024-02-05,80906247.75
2024-02-12,81979963.02
2024-02-19,83368782.53
2024-02-26,83245844.55
2024-03-04,77603498.74
2024-03-11,77720135.38
2024-03-18,78506141.68
2024-03-25,79979105.17
2024-04-01,80563955.64
2024-04-08,80856681.11
2024-04-15,83565697.34
2024-04-22,84340005.93
2024-04-29,81103113.44
2024-05-06,86238696.95
2024-05-13,86669475.82
2024-05-20,85955534.85
2024-05-27,88551092.31
2024-06-03,92103350.35
2024-06-10,92295902.74
2024-06-17,93133334.45
2024-06-24,96926886.36
2024-07-01,95829049.69
2024-07-08,92536842.53
2024-07-15,93883525.01
2024-07-22,93268309.95
2024-07-29,93050511.6
2024-08-05,93999951.27
2024-08-12,96201093.26
2024-08-19,97675952.99
2024-08-26,97144140.94
2024-09-02,99027875.35
2024-09-09,98635848.98
2024-09-16,98390453.34
2024-09-23,95787475.12
2024-09-30,97065021.49
2024-10-07,96091612.94
2024-10-14,89501318.61
2024-10-21,91310667.31
2024-10-28,91640338.91
2024-11-04,88847502.97
2024-11-11,90176942.23
2024-11-18,92739250.06
2024-11-25,94964173.68
2024-12-02,95126990.07
2024-12-09,94183687.3
2024-12-16,94840374.89
2024-12-23,96581831.57
2024-12-30,89379245.26
2025-01-06,86618297.64
2025-01-13,85079887.89
2025-01-20,84250509.49
2025-01-27,84295658.58
2025-02-03,82718394.39
2025-02-10,82670506.36
2025-02-17,82116643.19
2025-02-24,82385461.73
2025-03-03,82050730.45
2025-03-10,82817592.99
2025-03-17,82738518.93
2025-03-24,81821856.64
2025-03-31,81197518.02
2025-04-07,82307101.91
2025-04-14,82003667.91
2025-04-21,81893394.32
2025-04-28,81958819.57
2025-05-05,83691612.3
2025-05-12,84197709.27
2025-05-19,85735657.83
2025-05-26,87425270.08
2025-06-02,87429514.18
2025-06-09,87426550.53
2025-06-16,91197216.47
2025-06-23,91101977.75
2025-06-30,90509460.16
2025-07-07,90809009.36
2025-07-14,90238494.15
2025-07-21,90282112.01
2025-07-28,89313729.04
2025-08-04,89888804.85
2025-08-11,91780773.93
2025-08-18,90202508.34
2025-08-25,91183614.39
2025-09-01,91212707.22
2025-09-08,91917032.8
2025-09-15,89640219.2
2025-09-22,90523672.86
2025-09-29,90286451.17
2025-10-06,90553802.19
2025-10-13,90270080.7
2025-10-20,91615639.46
2025-10-27,91382058.17
2025-11-03,91788084.58
2025-11-10,88875947.58
2025-11-17,89784579.32
2025-11-24,89385916.31
2025-12-01,89510977.37
2025-12-08,90548338.14
2025-12-15,92199848.36
2025-12-22,94507134.0
2025-12-29,91668047.51
2026-01-05,93002062.5
2026-01-12,90402189.23
2026-01-19,89433691.62
2026-01-26,91096648.52
2026-02-02,91084459.42
2026-02-09,91791367.54
2026-02-16,93345479.07
2026-02-23,91420511.64
2026-03-02,87378341.69
2026-03-09,86936981.5
2026-03-16,86807958.09
2026-03-23,86439958.67
2026-03-30,86735046.65
2026-04-06,89348909.36
2026-04-13,89811830.51
2026-04-20,91728609.53
2026-04-27,93914605.87
2026-05-04,91492832.51
2026-05-11,92005444.18
2026-05-18,93346844.41
2026-05-25,92941002.78
2026-06-01,91921348.83
2026-06-08,95298326.74
2026-06-15,94952621.7
2026-06-22,96511259.79
2026-06-29,97241830.04
2026-07-06,96861873.72
2026-07-13,94126529.25
2026-07-20,94473447.43
2026-07-27,96440871.12
2026-08-03,96659223.35
2026-08-10,97521368.26
2026-08-17,97813001.95
2026-08-24,97575871.73
2026-08-31,96062048.51
2026-09-07,96067354.96
