date,us_treasury_10y,inflation,gold,sp500,dollar_index
2019-01-01,3.0,3.0,100.0,100.0,100.0
2019-01-02,2.9395,2.8827,100.8804,101.6951,100.3921
2019-01-03,2.9788,2.8294,98.6078,104.1953,98.8279
2019-01-04,3.031,2.838,98.4539,104.0807,100.0459
2019-01-07,3.0544,2.8102,97.3336,103.8283,100.7077
2019-01-08,2.8936,2.7363,96.4445,104.1615,99.279
2019-01-09,2.7126,2.682,96.6945,103.0988,97.4114
2019-01-10,2.571,2.6051,98.2894,105.2821,95.4393
2019-01-11,2.6014,2.7064,98.1077,106.6022,94.5552
2019-01-14,2.7041,2.6688,98.6929,105.9906,94.652
2019-01-15,2.7766,2.5979,98.7125,107.212,94.0451
2019-01-16,2.7648,2.5696,98.0157,105.852,93.9321
2019-01-17,2.8231,2.5263,97.4025,107.4662,93.2579
2019-01-18,2.8653,2.5222,97.9515,109.3859,91.5409
2019-01-21,2.8289,2.5924,97.3366,106.4934,93.9628
2019-01-22,2.8135,2.6082,97.6473,106.2572,94.9834
2019-01-23,2.8355,2.5065,96.7932,108.2052,93.8031
2019-01-24,2.8601,2.5361,96.5676,109.2514,93.5125
2019-01-25,2.8703,2.6091,97.2728,111.5941,94.3035
2019-01-28,2.8357,2.6627,99.2851,112.3379,94.5559
2019-01-29,2.8479,2.7726,99.7269,111.2009,93.0801
2019-01-30,2.8935,2.6906,97.6086,110.6587,93.3355
2019-01-31,3.0211,2.8073,97.4396,111.3749,91.6562
2019-02-01,3.0336,2.9002,98.3828,113.0073,90.8047
2019-02-04,2.9816,2.9169,99.3827,113.2964,91.6271
2019-02-05,2.9459,2.9569,100.7675,114.6176,90.823
2019-02-06,2.8371,2.8107,100.4823,114.5491,91.8468
2019-02-07,2.831,2.7667,99.5632,118.3198,93.3509
2019-02-08,3.0165,2.7991,98.5184,116.1367,93.5201
2019-02-11,3.1297,2.9987,98.7422,116.3838,93.4244
2019-02-12,3.1658,2.9332,99.0363,116.7518,92.6354
2019-02-13,3.1589,3.027,99.0992,117.127,93.3596
2019-02-14,3.0891,3.0323,99.6119,114.5029,93.078
2019-02-15,3.1478,2.9977,99.8559,114.1229,93.8921
2019-02-18,3.234,3.0916,100.2055,115.6079,94.5162
2019-02-19,3.1986,3.0527,100.0842,115.7766,94.3235
2019-02-20,3.1924,3.0508,100.6187,114.7671,93.3414
2019-02-21,3.0453,3.0613,102.5953,115.6954,92.4961
2019-02-22,3.093,3.0659,102.3948,114.1477,93.5606
2019-02-25,3.1458,3.1592,103.8572,116.9434,94.0839
2019-02-26,3.2501,3.2371,103.4978,118.1257,94.7234
2019-02-27,3.2047,3.1949,102.8146,117.1531,94.9613
2019-02-28,3.0934,3.1939,103.7158,115.8477,96.4291
2019-03-01,3.1246,3.2685,103.9247,115.5146,96.6897
2019-03-04,3.0886,3.2308,104.6003,115.0764,95.8234
2019-03-05,3.1045,3.2191,104.593,113.6095,96.7701
2019-03-06,3.077,3.1498,104.315,114.8353,96.6467
2019-03-07,3.0785,3.1114,103.4617,113.5106,95.9813
2019-03-08,3.2446,3.1831,101.0687,111.0559,96.9083
2019-03-11,3.1413,3.1931,103.1962,108.746,97.5028
2019-03-12,3.1655,3.1599,101.5946,110.3293,97.5078
2019-03-13,3.2641,3.2268,101.8888,110.5971,98.5823
2019-03-14,3.3141,3.148,99.9893,110.8232,97.377
2019-03-15,3.383,3.1269,99.3911,108.9663,98.9539
2019-03-18,3.4901,3.1517,97.2953,108.3499,99.9435
2019-03-19,3.3736,3.0966,97.2691,109.0939,96.843
2019-03-20,3.3409,3.0571,96.9193,108.8388,97.5139
2019-03-21,3.1726,2.9441,98.1401,111.436,97.9321
2019-03-22,3.1783,2.9738,99.1094,111.4316,96.1365
2019-03-25,3.1743,2.9679,99.6284,110.8197,97.3812
2019-03-26,3.2521,2.9323,99.5431,109.7212,99.0018
2019-03-27,3.2074,2.9355,100.9096,111.5357,99.5117
2019-03-28,3.2026,3.0804,101.431,112.415,100.1696
2019-03-29,3.2516,3.0035,99.7517,113.174,101.3939
2019-04-01,3.3559,2.9497,98.2349,113.2375,101.6406
2019-04-02,3.4165,2.8872,99.0148,115.6148,101.9159
2019-04-03,3.4428,2.9354,97.2941,113.7205,102.948
2019-04-04,3.4871,2.8586,97.1359,113.9395,101.8155
2019-04-05,3.3304,2.8465,97.9359,116.0672,101.1703
2019-04-08,3.3257,2.8444,97.8424,116.1934,100.8752
2019-04-09,3.3746,2.8349,98.388,117.0592,101.5495
2019-04-10,3.2569,2.7115,99.296,118.8913,102.1944
2019-04-11,3.1695,2.7563,100.4672,118.022,103.917
2019-04-12,3.1729,2.8181,100.2974,117.076,105.8874
2019-04-15,3.111,2.7856,100.1003,115.2752,105.817
2019-04-16,3.1753,2.6912,100.1011,115.366,108.4179
2019-04-17,2.9789,2.6311,100.8475,114.9635,106.8169
2019-04-18,2.8633,2.5523,100.8516,114.5142,106.2878
2019-04-19,2.949,2.5702,100.4542,114.1496,108.9881
2019-04-22,2.9135,2.4972,99.1728,114.8391,108.8995
2019-04-23,2.9549,2.5526,98.4739,113.4185,110.3692
2019-04-24,3.1097,2.6195,97.2423,108.4356,113.2763
2019-04-25,3.0284,2.585,97.7614,106.8561,115.4456
2019-04-26,3.111,2.6985,98.0805,107.0327,115.0431
2019-04-29,3.1941,2.7863,98.1162,106.1513,115.7729
2019-04-30,3.274,2.8049,96.2953,106.4613,115.7953
2019-05-01,3.2593,2.7554,95.4321,103.796,116.1658
2019-05-02,3.2236,2.7509,95.6653,105.6851,116.353
2019-05-03,3.1888,2.5972,94.1757,105.0052,117.4704
2019-05-06,3.3154,2.748,95.1581,106.4769,116.4796
2019-05-07,3.1975,2.7568,97.0611,106.4411,115.5175
2019-05-08,3.1291,2.8236,97.9885,105.5943,116.679
2019-05-09,3.1117,2.8358,98.8689,106.1299,115.4309
2019-05-10,3.1741,2.8811,99.1597,106.9247,115.4193
2019-05-13,3.1242,2.8437,98.6475,108.8222,113.6279
2019-05-14,3.2466,2.8312,97.4671,107.3034,113.9172
2019-05-15,3.2162,2.9283,98.0986,106.3157,112.9864
2019-05-16,3.1827,2.8611,98.5336,108.4228,109.9126
2019-05-17,3.1938,2.846,97.7688,108.8013,108.7549
2019-05-20,3.2743,2.9363,99.1863,110.6539,110.3465
2019-05-21,3.259,2.9078,98.5283,111.5774,109.5846
2019-05-22,3.1527,2.8927,98.4003,112.4184,110.3593
2019-05-23,3.149,2.8503,98.2516,114.992,110.5936
2019-05-24,3.2475,2.9919,97.9592,114.349,110.7921
2019-05-27,3.2963,3.0331,98.2842,115.4101,110.4009
2019-05-28,3.3169,2.8962,97.9383,115.2131,109.7677
2019-05-29,3.1576,2.8802,99.3831,115.6089,106.2999
2019-05-30,3.2941,3.0596,99.6872,113.5699,108.2548
2019-05-31,3.2782,3.0127,98.7535,112.8977,108.15
2019-06-03,3.4214,3.0988,97.7103,112.0732,109.6105
2019-06-04,3.3038,3.0822,99.2345,114.4239,107.6755
2019-06-05,3.2903,3.033,99.5122,116.5363,109.316
2019-06-06,3.2452,3.0205,99.4892,116.5175,109.0189
2019-06-07,3.2613,3.0544,99.8724,118.8585,108.1221
2019-06-10,3.2765,3.034,100.5798,116.0267,108.9818
2019-06-11,3.1818,3.2259,102.6256,118.9122,107.1658
2019-06-12,3.0353,3.0737,102.1952,118.5265,108.394
2019-06-13,3.0382,3.1701,103.1665,118.4837,105.3655
2019-06-14,3.2206,3.2927,104.0864,118.3243,105.5496
2019-06-17,3.2311,3.1514,102.7108,117.4091,106.3646
2019-06-18,3.2082,3.2023,103.4136,118.5822,105.4313
2019-06-19,3.179,3.056,103.9452,120.1089,104.0895
2019-06-20,3.2947,2.9838,102.8924,119.9776,104.2034
2019-06-21,3.2864,3.1245,103.5058,120.7456,103.7787
2019-06-24,3.2288,3.1518,104.9129,123.2308,103.3398
2019-06-25,3.1711,3.064,103.4427,121.2574,102.8269
2019-06-26,3.1478,3.1089,103.9549,120.3387,103.4531
2019-06-27,3.2111,3.0986,104.5171,123.4561,101.477
2019-06-28,3.2261,3.1312,104.9932,123.2572,100.9945
2019-07-01,3.1614,3.1948,106.2564,122.5441,100.2902
2019-07-02,3.1719,3.1618,107.2965,123.64,99.8963
2019-07-03,3.2603,3.0602,105.3425,121.3217,100.6094
2019-07-04,3.184,3.1517,106.0214,121.4266,100.1103
2019-07-05,3.126,3.1402,104.3584,120.245,100.3707
2019-07-08,3.2655,3.1888,104.9587,120.5083,101.051
2019-07-09,3.1536,3.1724,104.7771,121.4262,101.4433
2019-07-10,3.0946,3.1555,105.4277,122.9816,102.7157
2019-07-11,3.1126,3.1872,104.9902,124.4489,102.3511
2019-07-12,3.1271,3.2939,105.2818,124.0862,101.3098
2019-07-15,3.0515,3.3885,105.7429,124.7221,103.0371
2019-07-16,3.1001,3.2971,104.0746,123.7632,103.9091
2019-07-17,2.9964,3.2466,104.2895,122.9119,102.7742
2019-07-18,2.9359,3.2169,104.1185,122.9051,104.0551
2019-07-19,2.9578,3.2846,104.8478,124.0404,103.423
2019-07-22,2.887,3.1786,104.8665,124.3864,102.4197
2019-07-23,2.9918,3.1823,102.5819,120.7011,104.299
2019-07-24,3.0863,3.2002,101.5643,121.6088,103.7477
2019-07-25,3.0511,3.1578,100.3377,121.5566,102.1905
2019-07-26,2.9266,3.1234,101.7754,125.9217,100.6839
2019-07-29,2.9724,3.1709,100.9524,126.4565,100.8951
2019-07-30,3.0517,3.0872,98.9997,126.7637,102.1562
2019-07-31,2.951,3.2594,101.0049,130.2483,99.7565
2019-08-01,3.0727,3.3204,99.4801,128.9663,101.0535
2019-08-02,3.0395,3.3667,99.2369,132.5387,100.6987
2019-08-05,3.0577,3.2761,97.2657,128.2185,101.9642
2019-08-06,2.994,3.2282,97.8447,125.4514,102.0093
2019-08-07,3.0269,3.3605,99.8171,124.1385,101.4341
2019-08-08,3.086,3.4212,100.7572,121.5054,102.0852
2019-08-09,3.0882,3.3538,101.142,122.6788,101.9062
2019-08-12,3.111,3.3779,100.8773,122.653,102.4222
2019-08-13,3.1517,3.345,102.2953,123.2054,102.552
2019-08-14,3.0832,3.3166,103.742,125.454,100.108
2019-08-15,2.9401,3.2617,104.0025,125.2068,101.2553
2019-08-16,2.959,3.3678,105.0942,124.9744,99.6038
2019-08-19,2.8244,3.3398,108.0398,127.8779,97.727
2019-08-20,2.787,3.2126,105.7965,127.5994,98.7116
2019-08-21,2.7076,3.0935,106.5535,129.0649,96.7905
2019-08-22,2.7662,2.9669,105.3639,129.2818,97.1689
2019-08-23,2.7104,2.8743,105.3687,130.1745,95.8787
2019-08-26,2.7356,2.8012,105.7121,132.7184,94.7873
2019-08-27,2.7612,2.8483,104.3504,131.1622,96.9417
2019-08-28,2.9046,2.913,103.3606,130.1125,97.1322
2019-08-29,2.814,2.8781,104.9098,131.8654,96.3872
2019-08-30,2.8632,2.8846,104.1262,130.0599,97.5304
2019-09-02,2.8721,2.888,103.8672,129.1273,99.7591
2019-09-03,2.81,2.8782,103.1699,132.1731,99.4249
2019-09-04,2.7587,2.9385,103.5248,129.9588,98.1229
2019-09-05,2.8254,2.8913,102.9538,129.1032,98.0669
2019-09-06,2.7699,2.8776,104.4106,127.7807,96.6424
2019-09-09,2.8782,2.8716,101.9806,129.4484,97.9008
2019-09-10,2.8588,2.7728,100.7597,128.7602,98.0078
2019-09-11,2.9084,2.86,100.311,130.5675,98.9878
2019-09-12,2.7921,2.9793,101.2797,129.8843,98.3819
2019-09-13,2.8646,3.1009,102.3528,130.8424,96.5085
2019-09-16,2.9161,3.0928,102.5044,131.0713,94.4337
2019-09-17,2.84,3.1539,103.6991,128.8752,93.411
2019-09-18,2.8131,3.1078,104.058,129.1316,93.3425
2019-09-19,2.8094,3.0308,104.7754,129.3977,94.3213
2019-09-20,2.7977,3.0199,104.3191,129.8775,95.097
2019-09-23,2.7335,2.8385,103.5994,133.285,94.3624
2019-09-24,2.7526,2.9466,105.0157,133.6636,94.384
2019-09-25,2.7115,2.8246,105.6985,133.1781,94.592
2019-09-26,2.6465,2.9544,107.4704,131.1546,94.161
2019-09-27,2.669,2.9042,106.7508,132.2973,94.0451
2019-09-30,2.5324,2.7597,106.6874,132.0463,93.5417
2019-10-01,2.4133,2.6992,107.5404,131.2345,91.5975
2019-10-02,2.5516,2.6571,105.7169,129.3054,93.2562
2019-10-03,2.6945,2.658,104.1248,127.1633,94.5133
2019-10-04,2.7342,2.6324,102.8635,124.9059,95.6739
2019-10-07,2.7849,2.5627,101.567,123.9004,96.3877
2019-10-08,2.9719,2.6929,100.6566,124.0674,97.0518
2019-10-09,2.981,2.5725,99.0796,124.6349,96.6906
2019-10-10,2.8234,2.5293,99.6006,124.3133,97.3131
2019-10-11,2.8835,2.5352,99.877,124.2878,97.6327
2019-10-14,2.8989,2.6618,100.7977,123.914,96.9509
2019-10-15,2.8382,2.841,101.1226,123.9379,95.8074
2019-10-16,2.9336,2.8224,101.0976,123.1218,96.9806
2019-10-17,2.9221,2.8401,100.2993,121.7901,97.3498
2019-10-18,2.9636,2.8642,100.4963,122.5119,98.6585
2019-10-21,3.0485,3.0727,102.3024,124.6759,99.9112
2019-10-22,3.1407,3.0606,102.5687,124.8536,100.127
2019-10-23,3.2408,3.0854,101.7427,125.4341,101.2721
2019-10-24,3.2306,3.0656,103.0721,125.2675,99.0034
2019-10-25,3.2144,2.8855,101.1929,125.2737,99.5655
2019-10-28,3.2027,3.0049,101.1083,124.6606,99.9068
2019-10-29,3.2912,3.1492,102.1657,125.4939,100.0167
2019-10-30,3.2974,3.1882,100.8213,128.2817,98.6655
2019-10-31,3.4183,3.2063,101.7588,128.3224,99.8076
2019-11-01,3.5644,3.2048,100.7751,126.0304,99.8995
2019-11-04,3.5383,3.2455,100.6545,127.1843,100.9455
2019-11-05,3.4759,3.1918,101.4461,125.5124,100.1007
2019-11-06,3.2901,3.1011,100.9235,125.3472,99.9116
2019-11-07,3.2856,3.2475,101.0631,126.0669,98.9766
2019-11-08,3.126,3.1221,102.5358,125.5138,99.3233
2019-11-11,3.226,3.0223,103.4324,127.8671,99.4734
2019-11-12,3.2655,3.0167,104.3543,131.4694,98.3213
2019-11-13,3.3041,3.009,103.5191,130.586,99.3008
2019-11-14,3.2535,2.9817,103.6826,130.5497,98.8031
2019-11-15,3.3305,2.878,101.9218,131.2305,98.8999
2019-11-18,3.3047,2.8528,100.8926,131.5641,98.2441
2019-11-19,3.1393,2.7082,100.8594,134.011,98.2825
2019-11-20,2.9348,2.5934,100.221,134.3594,96.9123
2019-11-21,2.8692,2.5163,99.7609,134.7457,98.2443
2019-11-22,2.9025,2.4558,97.8608,135.6423,99.1508
2019-11-25,2.8148,2.4489,99.3233,136.1975,97.2305
2019-11-26,3.0219,2.5634,98.5142,136.3177,98.8564
2019-11-27,3.0954,2.5184,97.8525,135.1973,101.3664
2019-11-28,3.0291,2.5299,98.5477,135.7993,102.4136
2019-11-29,3.2053,2.5266,98.2454,136.3173,104.7016
2019-12-02,3.2162,2.5621,98.2899,138.3909,104.4122
2019-12-03,3.2298,2.7014,100.307,138.5316,104.6972
2019-12-04,3.1679,2.8277,100.7296,137.5372,104.9307
2019-12-05,3.0295,2.8485,103.3977,139.2501,105.2475
2019-12-06,3.1491,2.9076,102.4657,140.7543,103.9984
2019-12-09,3.0868,2.8759,101.4122,140.4999,103.6383
2019-12-10,2.9334,2.7374,100.3108,138.8659,103.7918
2019-12-11,2.9812,2.7984,100.5376,135.9483,103.19
2019-12-12,2.9609,2.7711,100.7169,134.4644,103.5523
2019-12-13,2.9679,2.6635,100.9798,132.8098,104.6611
2019-12-16,3.0446,2.6769,101.0506,136.6001,103.4953
2019-12-17,2.9937,2.6607,99.1926,136.8975,103.5276
2019-12-18,3.0707,2.6437,100.1697,136.9065,102.1755
2019-12-19,2.994,2.3972,99.7242,141.0436,100.9281
2019-12-20,2.9667,2.255,100.1669,138.4852,102.7104
2019-12-23,2.823,2.199,102.0422,140.2029,100.6164
2019-12-24,2.8428,2.2631,102.773,142.8688,100.1846
2019-12-25,2.718,2.2859,104.3029,143.6084,99.5161
2019-12-26,2.7732,2.2147,103.8285,141.7209,101.5605
2019-12-27,2.9077,2.3308,102.9102,140.355,100.9329
2019-12-30,2.8035,2.3287,104.0009,142.0372,100.7605
2019-12-31,2.6987,2.3753,105.6144,142.0566,99.8967
2020-01-01,2.6564,2.3599,105.324,144.8889,100.6928
2020-01-02,2.606,2.3597,104.7668,143.7757,100.7588
2020-01-03,2.4462,2.389,106.3481,143.4096,101.5423
2020-01-06,2.4489,2.358,105.2616,145.9596,100.8551
2020-01-07,2.3928,2.2502,105.4911,147.7593,97.4116
2020-01-08,2.3981,2.2413,105.8617,150.552,97.119
2020-01-09,2.5178,2.3068,108.3548,150.4033,99.4992
2020-01-10,2.4538,2.2949,109.6781,149.8996,98.2038
2020-01-13,2.4906,2.4,110.2547,148.7511,97.5439
2020-01-14,2.5385,2.5458,110.3382,153.0928,97.568
2020-01-15,2.5688,2.5048,108.5944,152.7501,98.0185
2020-01-16,2.532,2.5379,108.7691,152.5045,96.5433
2020-01-17,2.5539,2.6896,110.1254,152.9681,96.942
2020-01-20,2.4981,2.6314,109.6165,152.8219,96.4094
2020-01-21,2.4397,2.508,109.9601,154.6545,95.4827
2020-01-22,2.4346,2.522,111.3102,153.694,95.1933
2020-01-23,2.371,2.539,113.0196,154.2278,94.3744
2020-01-24,2.2171,2.4782,113.819,155.4296,95.7416
2020-01-27,2.3149,2.4695,112.4739,153.1546,98.4965
2020-01-28,2.3018,2.4693,112.6527,153.1923,98.427
2020-01-29,2.2766,2.4931,113.1242,155.2517,98.8832
2020-01-30,2.0098,2.3661,113.4432,156.5947,98.3169
2020-01-31,2.1522,2.5741,114.8523,156.9003,98.5842
2020-02-03,2.2222,2.4437,113.3747,157.5515,99.4185
2020-02-04,2.1731,2.4143,113.7423,158.1235,99.2845
2020-02-05,2.1472,2.3934,113.2812,158.023,100.2467
2020-02-06,2.0509,2.3017,111.2721,157.3933,98.4235
2020-02-07,2.0528,2.3078,112.1934,159.0155,97.2933
2020-02-10,2.0382,2.4789,114.2887,157.0451,96.8737
2020-02-11,1.8722,2.4738,116.1448,157.6864,94.7558
2020-02-12,1.9712,2.4774,115.6672,154.8687,94.7383
2020-02-13,1.9453,2.3027,114.8024,155.7844,94.8169
2020-02-14,2.0969,2.2556,112.6573,158.4284,94.637
2020-02-17,2.2719,2.3163,112.4339,157.4245,96.3244
2020-02-18,2.4525,2.4445,113.1437,160.803,96.2804
2020-02-19,2.3423,2.2579,111.9588,162.2511,95.5757
2020-02-20,2.4305,2.2475,112.121,160.4458,94.4452
2020-02-21,2.384,2.2423,113.1244,156.8007,94.8726
2020-02-24,2.2468,2.2222,113.5774,156.7694,93.7768
2020-02-25,2.1103,2.1368,114.028,157.481,92.1167
2020-02-26,2.2673,2.1706,112.02,154.009,93.0803
2020-02-27,2.1369,2.0096,111.7284,153.3914,92.1832
2020-02-28,2.0134,2.0386,112.2592,152.617,91.6842
2020-03-02,2.0968,2.0732,111.9413,153.1842,91.1763
2020-03-03,2.1539,2.0719,112.0388,152.7537,90.7613
2020-03-04,2.1371,2.0734,112.3587,152.6343,90.0452
2020-03-05,2.1132,2.0376,113.6916,155.2043,87.6818
2020-03-06,2.0105,2.0412,114.8798,157.7171,86.4965
2020-03-09,1.9735,2.1015,116.1665,159.4722,87.3475
2020-03-10,1.9535,2.0046,117.1443,161.255,87.274
2020-03-11,1.9025,1.9454,118.8747,160.7575,86.3561
2020-03-12,1.967,2.0182,118.1827,162.4322,86.6802
2020-03-13,1.9057,2.0839,119.124,166.4937,86.5484
2020-03-16,1.8761,2.089,119.2551,169.5498,87.3287
2020-03-17,2.0071,2.1026,118.0716,168.3095,88.7864
2020-03-18,2.0078,2.0924,118.1858,168.0588,89.282
2020-03-19,1.8521,2.0355,117.8588,170.5188,88.2546
2020-03-20,1.8441,2.0656,118.3667,175.1259,88.7703
2020-03-23,1.8383,2.0415,117.6203,172.3296,87.7117
2020-03-24,1.761,2.0418,116.9995,172.017,88.3233
2020-03-25,1.8213,2.0323,116.902,170.5007,89.1123
2020-03-26,1.7765,2.0511,117.702,168.6529,88.1843
2020-03-27,1.8389,2.2004,117.7154,165.625,88.3315
2020-03-30,1.9783,2.2435,115.9189,165.23,89.365
2020-03-31,1.8382,2.1821,116.2771,168.4363,88.5456
2020-04-01,1.7715,2.2523,117.0991,169.396,87.9483
2020-04-02,1.8778,2.2534,116.0392,169.4326,87.5056
2020-04-03,2.0198,2.3309,117.7049,171.9807,87.745
2020-04-06,2.0627,2.2953,116.7915,171.342,86.4081
2020-04-07,2.0772,2.2987,116.6459,167.5224,87.6449
2020-04-08,2.1653,2.3377,117.7467,167.1217,87.6336
2020-04-09,2.3135,2.3554,118.4301,166.5834,88.2221
2020-04-10,2.2963,2.4441,119.7743,165.8575,87.4185
2020-04-13,2.3462,2.3752,119.2713,164.0322,86.8862
2020-04-14,2.3936,2.2959,118.2022,165.5131,86.2348
2020-04-15,2.4774,2.34,118.6127,164.2137,84.6633
2020-04-16,2.584,2.4842,119.7198,165.4925,83.854
2020-04-17,2.5545,2.433,119.6182,163.1349,83.1536
2020-04-20,2.5686,2.5373,120.8733,163.0377,84.5135
2020-04-21,2.5155,2.4619,120.0671,164.3097,84.5259
2020-04-22,2.6067,2.5881,121.7885,163.6716,83.9327
2020-04-23,2.6985,2.6299,120.9267,158.6343,84.1671
2020-04-24,2.6583,2.6557,121.7019,160.5892,83.8209
2020-04-27,2.821,2.7124,120.7178,162.2019,85.2589
2020-04-28,2.7498,2.7935,123.3323,163.9367,84.1886
2020-04-29,2.6055,2.6585,122.9614,162.0166,83.9699
2020-04-30,2.4904,2.5579,121.9529,160.5245,85.0952
2020-05-01,2.5226,2.611,122.4291,162.8956,84.9121
2020-05-04,2.5362,2.6017,121.7115,164.1747,84.6948
2020-05-05,2.6251,2.5886,121.686,161.5028,84.5154
2020-05-06,2.6516,2.5937,123.791,162.6914,83.9828
2020-05-07,2.6651,2.5755,123.3977,164.3283,83.3681
2020-05-08,2.6138,2.6473,125.5214,164.8095,82.0635
2020-05-11,2.4473,2.5748,126.7815,164.6933,81.0248
2020-05-12,2.5261,2.6921,126.546,163.4406,81.5239
2020-05-13,2.6318,2.6442,126.522,158.0276,83.1935
2020-05-14,2.7571,2.7974,126.6311,160.5402,82.7964
2020-05-15,2.9041,2.7564,125.2015,160.4352,83.6412
2020-05-18,3.0391,2.8484,124.3153,154.0312,86.559
2020-05-19,3.0587,2.94,125.2452,154.2518,85.9001
2020-05-20,3.0719,2.9271,124.373,153.3016,86.7579
2020-05-21,3.0717,2.87,123.7837,152.7074,86.9255
2020-05-22,3.201,2.9541,124.2257,153.191,87.9541
2020-05-25,3.1146,2.8426,122.2477,154.0839,87.3574
2020-05-26,3.1752,2.8726,121.6303,152.5246,87.9419
2020-05-27,3.1988,3.0026,122.3787,153.6433,87.3184
2020-05-28,3.2035,3.0236,122.5309,153.6497,86.9487
2020-05-29,3.283,3.0835,122.9308,155.8382,87.8483
2020-06-01,3.317,3.0152,120.9573,154.526,88.1809
2020-06-02,3.3561,3.0078,121.0155,154.2912,88.8335
2020-06-03,3.3657,3.0914,121.4697,159.0392,88.1269
2020-06-04,3.418,3.0859,119.9943,158.873,88.9013
2020-06-05,3.2837,3.063,121.7926,161.5658,88.4546
2020-06-08,3.2551,3.0841,121.6383,160.9787,87.5956
2020-06-09,3.289,3.0755,121.7648,161.3358,87.9877
2020-06-10,3.2902,3.0717,123.1238,164.7017,87.9685
2020-06-11,3.2845,3.0895,122.377,161.6131,89.3933
2020-06-12,3.1696,3.1143,123.3129,162.1642,88.8021
2020-06-15,3.1448,3.149,122.9296,164.5916,89.0703
2020-06-16,3.2465,3.1401,122.001,167.2854,90.645
2020-06-17,3.2324,3.2274,122.7594,168.1635,91.168
2020-06-18,3.1312,3.1152,122.6393,170.2587,90.8235
2020-06-19,3.1292,3.087,122.7941,169.4978,91.4062
2020-06-22,3.0202,2.9383,122.648,171.2319,90.1293
2020-06-23,2.8958,2.8504,121.7054,171.246,90.357
2020-06-24,2.9031,2.8775,121.4362,170.8311,90.0158
2020-06-25,2.9628,2.8289,121.2923,169.3603,90.1476
2020-06-26,2.9879,2.7924,121.4974,169.4432,89.3897
2020-06-29,2.9954,2.9025,121.6753,169.5119,87.2449
2020-06-30,3.0284,2.881,122.5957,170.4067,87.5728
2020-07-01,3.014,2.8221,122.0715,171.644,86.7848
2020-07-02,2.9701,2.6863,122.3924,170.4688,86.8553
2020-07-03,3.0353,2.6559,122.2258,169.9785,85.8571
2020-07-06,3.0512,2.6125,123.4814,171.7462,86.1162
2020-07-07,3.062,2.524,121.3087,174.2873,85.4867
2020-07-08,3.0678,2.4977,120.1514,179.5972,84.6556
2020-07-09,3.1909,2.6054,119.2348,175.5224,85.7644
2020-07-10,3.2898,2.7693,119.6233,173.4556,85.676
2020-07-13,3.2441,2.6648,118.8695,172.4158,87.3095
2020-07-14,3.262,2.6738,119.5001,173.0228,88.5509
2020-07-15,3.3242,2.6378,119.4891,174.0695,87.7108
2020-07-16,3.2143,2.6677,120.4367,176.6537,86.6436
2020-07-17,3.2995,2.7533,121.3218,180.0327,87.4322
2020-07-20,3.4078,2.8078,121.686,182.2525,88.0738
2020-07-21,3.4598,2.9005,121.9146,179.0618,87.7611
2020-07-22,3.4481,2.9397,122.4508,176.0595,89.0705
2020-07-23,3.4838,2.85,121.5863,174.4623,89.8849
2020-07-24,3.4435,2.8576,121.8638,174.8917,88.5993
2020-07-27,3.4663,2.93,121.8339,171.8226,87.8196
2020-07-28,3.4368,2.9444,120.2506,170.4217,88.6206
2020-07-29,3.4149,3.1027,122.2915,168.581,88.387
2020-07-30,3.337,3.0417,121.6662,172.373,86.9185
2020-07-31,3.4031,3.0502,121.5287,176.0676,85.8679
2020-08-03,3.2456,3.0657,122.7148,177.3246,85.4422
2020-08-04,3.2116,3.0438,122.2454,177.6695,84.134
2020-08-05,3.1481,3.0302,125.288,177.7706,83.799
2020-08-06,2.9956,2.8879,122.3943,176.364,84.3775
2020-08-07,2.9369,2.8678,122.8857,175.3021,84.793
2020-08-10,2.9322,2.8187,121.9844,176.0838,84.4753
2020-08-11,2.8654,2.8054,123.0461,177.906,83.7372
2020-08-12,2.9337,2.7629,122.0812,177.1034,83.2236
2020-08-13,3.0231,2.783,120.0297,174.3499,83.4184
2020-08-14,3.0593,2.7173,119.332,177.6254,83.6312
2020-08-17,2.9238,2.7,119.7905,181.6325,82.4192
2020-08-18,2.8575,2.6537,121.4253,183.2917,82.2353
2020-08-19,2.8643,2.6015,120.9125,184.989,82.8115
2020-08-20,2.923,2.6659,119.7757,185.2768,83.1654
2020-08-21,2.9138,2.6115,118.9976,186.3338,84.302
2020-08-24,2.8759,2.6673,120.0342,186.093,83.7993
2020-08-25,2.8804,2.6152,119.4612,186.2159,84.8645
2020-08-26,3.1032,2.4551,118.4847,185.5588,85.8642
2020-08-27,3.0972,2.4377,118.0126,181.7118,85.0403
2020-08-28,3.167,2.2852,115.6065,182.0907,85.0923
2020-08-31,3.0695,2.283,116.6608,182.265,84.1279
2020-09-01,3.1106,2.1401,115.3635,180.8273,83.5711
2020-09-02,3.0033,2.1275,115.3769,181.6766,83.7451
2020-09-03,2.91,2.083,115.2342,183.2219,83.2469
2020-09-04,2.8959,2.121,116.3375,178.5278,83.7245
2020-09-07,2.9009,2.0679,115.9181,177.815,83.2887
2020-09-08,2.8258,2.1251,117.2613,177.2016,81.6119
2020-09-09,2.8767,2.0943,116.7864,175.4842,81.7324
2020-09-10,2.9893,2.2827,119.0639,171.9489,82.5945
2020-09-11,3.074,2.4708,119.6576,166.1151,83.72
2020-09-14,3.0863,2.374,118.838,168.014,84.239
2020-09-15,3.1036,2.3577,119.8301,167.738,84.6238
2020-09-16,3.1111,2.3162,119.0349,167.0826,83.9913
2020-09-17,3.2099,2.3902,118.4788,166.8318,83.6111
2020-09-18,3.1045,2.5238,119.9871,168.3258,83.2519
2020-09-21,3.0751,2.5352,117.9707,168.026,82.5417
2020-09-22,3.1898,2.63,117.6076,165.7186,82.3241
2020-09-23,3.171,2.6582,117.6165,166.4083,81.4846
2020-09-24,3.1964,2.5934,117.3275,164.9987,80.8769
2020-09-25,3.0349,2.4709,115.9359,163.4542,80.8702
2020-09-28,3.0473,2.4777,116.8498,162.0484,83.2666
2020-09-29,3.0793,2.458,116.0334,163.4864,82.5588
2020-09-30,3.0977,2.524,116.3109,167.4427,82.5757
2020-10-01,3.1414,2.6104,117.8283,167.5239,82.8324
2020-10-02,3.106,2.5384,116.3408,167.7608,82.3803
2020-10-05,3.154,2.5514,115.8414,163.4877,83.6534
2020-10-06,3.2209,2.415,114.4038,161.219,84.5876
2020-10-07,3.1421,2.3451,114.5858,161.8205,83.3561
2020-10-08,3.2477,2.4013,113.57,159.5588,83.5206
2020-10-09,3.4111,2.3863,112.3741,160.6836,83.8626
2020-10-12,3.3877,2.4512,112.62,161.0015,81.9451
2020-10-13,3.4273,2.5538,114.4953,162.3122,82.0094
2020-10-14,3.4475,2.7234,116.8707,162.925,82.5847
2020-10-15,3.5292,2.8071,115.6163,165.0314,82.2038
2020-10-16,3.5562,2.8297,115.5525,164.7134,83.5149
2020-10-19,3.5006,2.8614,116.5355,165.9196,83.3512
2020-10-20,3.4537,2.8678,115.4657,165.065,83.4776
2020-10-21,3.605,2.9984,115.6357,163.8997,85.4643
2020-10-22,3.6679,3.0675,114.8787,158.8293,85.4345
2020-10-23,3.6957,3.2841,116.556,156.174,87.3387
2020-10-26,3.7288,3.3326,118.1327,156.0593,87.2123
2020-10-27,3.9563,3.377,117.9764,158.3498,86.6511
2020-10-28,3.8554,3.4298,118.4133,156.5922,85.7005
2020-10-29,3.9067,3.317,117.8657,151.4514,87.4083
2020-10-30,3.9879,3.3572,118.241,151.8978,88.0943
2020-11-02,3.898,3.2486,117.0405,148.1342,87.0673
2020-11-03,3.8345,3.1062,116.1366,145.5411,88.0266
2020-11-04,3.819,3.2244,117.5777,148.4521,88.5209
2020-11-05,3.6496,3.0105,116.0314,147.677,88.8277
2020-11-06,3.5335,2.9415,115.9521,146.9599,88.8271
2020-11-09,3.5327,2.9049,116.6754,149.2799,88.1811
2020-11-10,3.6008,3.036,117.8254,147.0662,88.1893
2020-11-11,3.6717,3.2414,117.6324,149.5484,88.3257
2020-11-12,3.6523,3.2675,118.272,149.2725,90.2172
2020-11-13,3.7315,3.2728,118.9285,151.664,90.2706
2020-11-16,3.7256,3.3389,118.9522,148.513,91.6343
2020-11-17,3.9179,3.4654,119.1149,147.4147,91.4394
2020-11-18,3.9592,3.4162,117.9704,147.6939,92.3748
2020-11-19,3.9137,3.4998,118.8691,146.2249,91.5359
2020-11-20,4.1171,3.4639,116.854,142.9453,93.3228
2020-11-23,4.1795,3.4426,118.5679,142.9269,92.1285
2020-11-24,3.973,3.4179,119.8607,145.9754,92.69
2020-11-25,3.9896,3.387,120.8751,146.7976,93.0591
2020-11-26,3.872,3.3773,120.7849,145.0099,95.3613
2020-11-27,3.744,3.3359,120.1991,144.9397,94.185
2020-11-30,3.8395,3.4561,119.3949,145.245,94.9464
2020-12-01,3.8377,3.4447,119.7625,142.1181,95.8678
2020-12-02,3.8251,3.4671,120.0754,140.3969,96.2875
2020-12-03,3.9427,3.3921,119.0157,136.5195,97.771
2020-12-04,4.0264,3.5244,121.5483,137.4007,99.6321
2020-12-07,4.0812,3.5963,122.7955,139.256,100.4585
2020-12-08,4.0353,3.5036,121.737,139.8054,101.1584
2020-12-09,3.933,3.4598,122.3284,138.9339,101.8977
2020-12-10,3.8946,3.5655,122.5777,139.8486,103.8473
2020-12-11,3.9302,3.3759,120.7862,136.8617,102.8781
2020-12-14,3.9034,3.4152,120.186,139.2561,103.0066
2020-12-15,3.8742,3.5153,121.6643,137.9625,103.27
2020-12-16,3.7546,3.5577,122.131,137.4578,103.0271
2020-12-17,3.8335,3.5645,121.5573,136.6665,102.6264
2020-12-18,3.6905,3.4225,121.0899,136.2675,102.7835
2020-12-21,3.663,3.3948,120.8883,136.0949,102.0256
2020-12-22,3.6068,3.4527,122.9119,134.9973,101.7076
2020-12-23,3.6639,3.444,123.4137,137.49,99.4447
2020-12-24,3.5636,3.3848,124.5101,140.1853,98.821
2020-12-25,3.4672,3.4816,126.3018,139.7942,98.1929
2020-12-28,3.5723,3.389,124.1263,137.6933,99.8711
2020-12-29,3.5582,3.3751,122.2638,136.1741,99.3958
2020-12-30,3.3512,3.2904,122.249,140.4965,98.6658
2020-12-31,3.4128,3.2016,121.8702,139.8433,99.3723
2021-01-01,3.3265,3.1708,122.5713,139.3734,98.4331
2021-01-04,3.231,3.2559,124.9865,141.1215,96.3611
2021-01-05,3.1841,3.2788,125.1715,142.5581,95.6417
2021-01-06,3.2122,3.3252,124.379,142.4204,97.7055
2021-01-07,3.0324,3.3515,125.1512,143.6179,96.1237
2021-01-08,3.0695,3.4001,125.0647,142.9538,95.6116
2021-01-11,3.1124,3.4943,125.8581,141.6904,97.4007
2021-01-12,3.186,3.5876,127.0326,143.9181,97.2997
2021-01-13,3.0978,3.6713,129.3895,145.5797,97.5891
2021-01-14,3.2106,3.6737,130.5903,145.2085,97.1307
2021-01-15,3.1388,3.5945,131.3808,146.809,96.6106
2021-01-18,3.1029,3.6467,131.5461,146.3945,97.5385
2021-01-19,2.9717,3.6107,132.3818,147.8077,97.1304
2021-01-20,2.9308,3.5271,130.5571,149.6266,96.0689
2021-01-21,2.8342,3.3924,129.6495,150.4946,95.937
2021-01-22,2.7831,3.4453,128.7533,153.7033,95.4484
2021-01-25,2.7619,3.5478,128.8165,155.7129,95.3304
2021-01-26,2.9921,3.5072,128.3801,154.7575,95.2141
2021-01-27,2.9692,3.5222,128.1684,155.7997,95.084
2021-01-28,2.9534,3.5282,129.3502,155.7838,95.6744
2021-01-29,3.0838,3.5572,129.8178,156.6691,96.2557
2021-02-01,3.0357,3.5553,129.3875,152.9889,97.7657
2021-02-02,3.2868,3.4941,128.6733,154.2471,97.2823
2021-02-03,3.286,3.6609,130.572,156.7974,95.6277
2021-02-04,3.1243,3.5565,130.4008,159.7886,94.8118
2021-02-05,3.1045,3.5197,130.7536,162.3771,96.3439
2021-02-08,3.0518,3.4251,129.5465,165.3559,92.5302
2021-02-09,3.1028,3.3201,129.9626,164.2317,93.1147
2021-02-10,3.08,3.2547,130.5886,165.1349,92.5674
2021-02-11,3.1528,3.2712,130.8562,167.2493,91.4734
2021-02-12,3.0778,3.2581,132.3774,170.7623,90.4379
2021-02-15,3.1322,3.2523,133.4287,167.8028,90.7346
2021-02-16,3.1731,3.2161,132.5992,164.6135,91.688
2021-02-17,3.1931,3.334,132.8848,164.2105,92.3407
2021-02-18,3.1552,3.3769,133.674,167.5973,91.0246
2021-02-19,3.32,3.3781,133.6276,167.2119,92.0265
2021-02-22,3.3173,3.4292,134.6845,164.2888,91.6719
2021-02-23,3.3603,3.402,135.0654,164.5943,91.2692
2021-02-24,3.4314,3.424,133.724,163.7308,90.8796
2021-02-25,3.4346,3.3183,134.6228,163.1767,91.266
2021-02-26,3.4581,3.3738,136.3903,168.4661,91.1254
2021-03-01,3.4221,3.398,136.1737,166.7414,91.461
2021-03-02,3.4851,3.29,135.967,165.9983,91.5202
2021-03-03,3.4262,3.2474,139.5495,172.978,91.1522
2021-03-04,3.4996,3.2871,138.9731,172.2066,93.962
2021-03-05,3.4525,3.2739,141.1779,171.738,94.4415
2021-03-08,3.4519,3.3404,141.9149,169.6849,94.2417
2021-03-09,3.4842,3.2898,142.2724,166.1475,95.9084
2021-03-10,3.5511,3.3468,142.4676,162.0074,97.4792
2021-03-11,3.497,3.2173,142.4864,163.8301,97.7494
2021-03-12,3.3652,3.0306,142.2632,162.3194,97.0151
2021-03-15,3.3356,3.1984,144.2306,163.4818,95.9236
2021-03-16,3.3023,3.4193,148.6318,167.6747,95.7588
2021-03-17,3.3839,3.4634,149.9974,166.2081,96.0672
2021-03-18,3.3996,3.4031,146.6499,164.993,95.7934
2021-03-19,3.3096,3.3836,148.5173,162.2449,95.4142
2021-03-22,3.3039,3.5459,148.612,162.9837,95.5627
2021-03-23,3.3136,3.5117,147.0888,162.4744,95.1223
2021-03-24,3.3897,3.4951,148.0239,165.0425,94.5488
2021-03-25,3.4123,3.4972,145.7626,161.7664,96.9225
2021-03-26,3.4224,3.5031,147.324,163.3591,98.1256
2021-03-29,3.5155,3.6022,148.0636,164.3947,97.8378
2021-03-30,3.4385,3.5832,149.3238,163.63,97.8741
2021-03-31,3.3729,3.492,147.8163,162.0911,98.2422
2021-04-01,3.3317,3.4867,147.8234,162.0126,98.305
2021-04-02,3.2455,3.4331,149.7047,165.586,98.9233
2021-04-05,3.1921,3.2185,148.4233,162.5344,98.494
2021-04-06,3.167,3.3618,151.3118,162.9914,99.0179
2021-04-07,3.0643,3.199,149.6939,160.4941,98.2538
2021-04-08,2.9689,3.1598,149.3908,162.0012,99.1095
2021-04-09,2.8632,3.1613,149.9521,165.8972,98.4415
2021-04-12,2.7735,3.0984,148.636,164.1352,99.5131
2021-04-13,2.7824,3.0459,147.7373,163.4064,99.2256
2021-04-14,2.8282,2.9684,147.217,165.3938,99.3333
2021-04-15,3.028,3.0618,147.8959,162.3051,98.5367
2021-04-16,3.1974,3.1548,148.0972,162.7995,99.6852
2021-04-19,3.1262,3.182,148.7218,163.0829,99.0683
2021-04-20,3.2398,3.2281,148.2412,163.3206,100.6357
2021-04-21,3.2381,3.3245,150.4348,161.4141,100.3329
2021-04-22,3.1799,3.3658,151.5942,159.0121,100.6498
2021-04-23,2.9361,3.2694,154.3008,159.8957,99.4984
2021-04-26,3.0236,3.2163,152.5165,161.6527,100.9525
2021-04-27,2.9017,3.2046,152.007,162.9439,100.5719
2021-04-28,2.9129,3.0444,150.3392,162.5147,100.6482
2021-04-29,2.8637,3.1087,150.7594,161.2526,100.4277
2021-04-30,2.8903,3.126,150.3804,161.9701,100.245
2021-05-03,2.7722,2.932,148.7431,160.4296,100.3437
2021-05-04,2.8709,3.0897,151.6052,160.9579,100.4239
2021-05-05,2.8472,2.9557,149.1783,160.1708,100.4816
2021-05-06,2.7349,2.7912,147.4629,161.8945,99.1968
2021-05-07,2.6494,2.6662,146.6501,160.9636,100.1157
2021-05-10,2.652,2.634,148.0538,164.6187,99.7588
2021-05-11,2.678,2.7131,148.3426,162.0153,100.6827
2021-05-12,2.6918,2.6562,148.3187,163.4317,99.9166
2021-05-13,2.716,2.7374,148.8164,163.7601,100.3152
2021-05-14,2.857,2.7877,150.0608,165.1619,100.4022
2021-05-17,2.8419,2.7767,150.1179,166.4671,100.6787
2021-05-18,2.7261,2.9145,152.1428,164.155,100.4694
2021-05-19,2.7679,2.8522,150.5065,163.1948,99.4912
2021-05-20,2.6457,2.7118,150.3042,164.3048,98.7922
2021-05-21,2.6545,2.8556,151.6641,167.0893,99.2136
2021-05-24,2.666,2.8639,150.5492,165.4144,100.3397
2021-05-25,2.769,2.7733,148.5545,165.5351,101.075
2021-05-26,2.712,2.831,149.1219,165.1375,101.7876
2021-05-27,2.7476,2.7623,146.967,163.2557,102.4006
2021-05-28,2.7525,2.8634,147.2621,162.9894,102.6916
2021-05-31,2.8042,2.871,149.1466,163.1793,102.4217
2021-06-01,2.7491,2.7193,149.8467,166.4037,101.5386
2021-06-02,2.7545,2.7431,149.0569,165.4756,102.0814
2021-06-03,2.8673,2.7785,149.9244,168.5994,101.9494
2021-06-04,2.8265,2.8096,149.3072,168.6563,101.1743
2021-06-07,3.006,3.0572,150.0519,166.9182,102.3568
2021-06-08,3.0439,2.9827,146.4153,165.896,102.9216
2021-06-09,2.9093,3.0643,148.5832,167.2326,101.368
2021-06-10,3.0407,3.0277,149.2683,171.0909,101.4588
2021-06-11,3.1026,3.0246,147.1122,170.9246,102.2045
2021-06-14,3.051,2.908,146.4265,168.8441,102.7615
2021-06-15,3.1286,2.9145,146.2755,168.8068,103.4234
2021-06-16,2.958,2.9259,148.1742,170.3279,101.9214
2021-06-17,3.0402,2.9838,146.3376,172.901,102.4533
2021-06-18,3.0097,2.8979,145.4969,174.8996,103.2261
2021-06-21,2.9533,2.8537,145.1146,176.8274,103.4749
2021-06-22,3.0935,2.8688,143.7075,170.6394,105.1956
2021-06-23,2.9439,2.7575,143.0318,172.2512,103.6971
2021-06-24,2.7911,2.6504,141.7293,169.6981,102.1183
2021-06-25,2.8018,2.7254,144.4127,169.9162,102.8877
2021-06-28,2.794,2.7406,143.6973,167.0499,104.3384
2021-06-29,2.936,2.8207,143.0551,164.6136,105.4149
2021-06-30,2.9173,2.9033,145.3291,164.6786,104.744
2021-07-01,2.9939,2.9912,145.5871,162.033,105.9084
2021-07-02,2.9161,2.9804,145.5164,160.5774,104.6943
2021-07-05,3.0276,3.0385,146.1071,160.6327,105.4811
2021-07-06,3.0192,3.026,145.5322,154.5741,105.9876
2021-07-07,2.9423,3.1572,147.3729,156.5788,104.7628
2021-07-08,3.0723,3.2587,148.1568,157.0004,104.8798
2021-07-09,3.0898,3.3679,149.4523,156.4625,103.6497
2021-07-12,3.1631,3.4817,148.3652,152.5974,105.9256
2021-07-13,3.2088,3.6423,150.2965,158.5619,105.1747
2021-07-14,3.2935,3.753,151.8742,162.7713,104.1908
2021-07-15,3.332,3.7286,150.0159,158.1339,106.1797
2021-07-16,3.357,3.7966,149.303,153.3302,104.6058
2021-07-19,3.3028,3.5965,147.0768,155.7773,104.3764
2021-07-20,3.0954,3.6024,149.4404,156.7942,104.5285
2021-07-21,3.1828,3.5428,149.2514,157.549,105.0077
2021-07-22,3.2228,3.4779,147.8265,154.789,104.9117
2021-07-23,3.3649,3.6973,150.6471,155.8389,105.6338
2021-07-26,3.3296,3.7323,149.5324,156.8831,104.8877
2021-07-27,3.4186,3.8564,150.9012,154.0588,104.8843
2021-07-28,3.4019,3.7858,151.09,156.7269,103.9015
2021-07-29,3.4701,3.6828,151.2757,157.4192,106.1604
2021-07-30,3.4455,3.6089,152.1924,162.797,105.7898
2021-08-02,3.4102,3.5195,151.3307,163.0246,107.9781
2021-08-03,3.3806,3.5499,151.502,162.5066,109.7451
2021-08-04,3.3584,3.6583,153.2908,165.0703,109.4363
2021-08-05,3.4164,3.7265,153.5548,160.092,110.4316
2021-08-06,3.673,3.7363,151.5281,159.0942,110.9777
2021-08-09,3.6712,3.7497,151.3386,160.6156,111.6189
2021-08-10,3.6013,3.8166,153.906,161.9137,110.2051
2021-08-11,3.5324,3.7123,153.9169,161.2518,109.9565
2021-08-12,3.5212,3.6988,155.4157,158.7979,110.1802
2021-08-13,3.3609,3.8151,159.2431,160.5634,109.0458
2021-08-16,3.3146,3.9124,161.4567,159.169,108.7324
2021-08-17,3.423,3.8824,161.1949,159.2062,109.3243
2021-08-18,3.5694,3.8917,162.0292,159.6614,110.0263
2021-08-19,3.7298,4.0427,164.5783,158.2943,112.4929
2021-08-20,3.7112,4.0901,165.3402,160.6816,112.0973
2021-08-23,3.701,4.1802,167.3346,158.768,111.8902
2021-08-24,3.6547,4.1931,169.5215,159.4872,111.3135
2021-08-25,3.8122,4.1464,168.5669,158.8539,114.6263
2021-08-26,3.8561,4.1545,169.0195,158.8883,115.6542
2021-08-27,3.8708,4.1447,168.8836,156.0358,115.9618
2021-08-30,3.6724,4.0083,168.9277,155.7614,117.4695
2021-08-31,3.6087,4.0343,167.7533,154.7559,118.1472
2021-09-01,3.5495,3.9469,168.4837,157.7668,115.6283
2021-09-02,3.6539,4.1277,170.4715,155.2902,116.6384
2021-09-03,3.533,4.0299,169.4345,151.9991,116.0611
2021-09-06,3.4295,3.8193,167.364,150.1832,115.4124
2021-09-07,3.4187,3.8973,168.546,150.5906,113.0083
2021-09-08,3.3336,3.8522,167.8158,146.6843,114.5253
2021-09-09,3.3084,3.586,165.9852,149.4772,111.8824
2021-09-10,3.3473,3.6709,164.2941,145.8092,111.1048
2021-09-13,3.2218,3.5387,163.454,146.6819,110.3234
2021-09-14,3.084,3.4444,163.141,146.4823,109.814
2021-09-15,3.1585,3.4507,162.0345,145.6488,111.9197
2021-09-16,3.0486,3.5752,163.6795,145.1387,111.8409
2021-09-17,3.1801,3.784,165.7533,148.107,111.436
2021-09-20,3.566,3.8892,163.6909,145.2593,111.9896
2021-09-21,3.8961,4.0897,165.2802,144.3157,115.2771
2021-09-22,3.9466,4.1274,164.8569,143.0987,115.5247
2021-09-23,4.0818,4.1073,164.3164,139.4912,117.7422
2021-09-24,3.842,3.911,164.4278,144.6319,115.2084
2021-09-27,3.8692,3.8475,166.4206,145.9658,113.9974
2021-09-28,3.6497,3.8459,164.3133,139.4578,112.3712
2021-09-29,3.8576,3.9577,165.2106,138.7144,115.6158
2021-09-30,3.9462,3.9933,167.4696,137.8641,115.4289
2021-10-01,3.8993,4.0301,168.0134,137.907,114.2049
2021-10-04,3.971,3.8968,165.6686,136.4043,114.5441
2021-10-05,3.8448,3.999,166.9741,137.4234,113.5196
2021-10-06,3.9022,3.8443,165.1247,139.3369,113.3781
2021-10-07,3.959,3.7646,163.2849,139.3707,116.3032
2021-10-08,3.9521,3.9008,167.3468,144.7658,114.3648
2021-10-11,4.1233,3.9849,168.2154,146.7353,116.0784
2021-10-12,4.1342,3.9266,169.0607,148.628,115.0864
2021-10-13,4.1496,3.6869,167.2437,154.2884,114.0605
2021-10-14,4.1754,3.71,166.161,155.1061,114.6945
2021-10-15,4.1475,3.4732,162.2264,154.7131,117.5521
2021-10-18,3.9069,3.3576,162.2706,163.8901,117.3284
2021-10-19,4.0775,3.391,161.6741,160.9209,120.406
2021-10-20,4.1256,3.4284,157.4,156.7418,121.133
2021-10-21,3.9328,3.6782,161.1669,155.6888,119.1904
2021-10-22,3.9871,3.757,162.1629,156.9883,119.6599
2021-10-25,3.8191,3.9992,165.9554,155.7053,117.6261
2021-10-26,3.6588,3.8909,167.1413,156.4099,117.3962
2021-10-27,3.5764,3.9338,167.8268,156.2662,118.9288
2021-10-28,3.4815,3.8981,168.6364,159.2642,115.2658
2021-10-29,3.5067,3.8871,167.6728,155.2722,115.3519
2021-11-01,3.7189,3.9298,166.234,152.6569,115.8784
2021-11-02,3.8225,4.074,170.1946,154.3544,116.7409
2021-11-03,4.0277,3.8796,166.8258,148.3224,116.5975
2021-11-04,4.1209,3.5225,163.1167,146.66,118.7576
2021-11-05,3.8427,3.3834,161.3549,144.799,119.1361
2021-11-08,3.6244,3.433,163.6145,148.324,116.548
2021-11-09,3.6359,3.6205,164.6839,150.3653,117.618
2021-11-10,3.6259,3.7464,165.6907,149.1207,120.4694
2021-11-11,3.6705,3.9572,166.0515,146.7283,122.0967
2021-11-12,3.6607,3.9498,166.9558,150.1647,122.2786
2021-11-15,3.8442,4.2267,169.7173,151.5797,121.0676
2021-11-16,3.6186,4.2167,170.1467,150.4972,119.0192
2021-11-17,3.6485,4.4056,172.458,154.5549,115.6147
2021-11-18,3.6972,4.3086,170.04,148.5184,117.4359
2021-11-19,3.6541,4.4829,174.8261,158.3539,117.6562
2021-11-22,3.7327,4.3834,173.0038,152.9947,123.1511
2021-11-23,3.6727,4.3762,173.0436,152.3569,123.6373
2021-11-24,4.0745,4.354,170.4731,148.8306,127.3406
2021-11-25,4.06,4.1462,164.0954,141.4768,127.8734
2021-11-26,3.9518,3.9615,161.3604,138.8951,127.2451
2021-11-29,3.919,3.8399,158.6278,132.3764,128.0778
2021-11-30,3.9778,3.7864,156.2796,127.7865,130.2765
2021-12-01,4.0521,3.8651,156.9625,122.3457,134.6757
2021-12-02,4.067,3.8838,158.8893,122.7128,131.9716
2021-12-03,3.8286,3.7898,160.7494,124.2375,130.9768
2021-12-06,3.5116,3.6367,160.0188,126.939,130.4768
2021-12-07,3.3898,3.4481,160.4555,127.1727,129.3293
2021-12-08,3.1785,3.2791,159.5346,128.6508,128.2099
2021-12-09,3.1488,3.1438,158.0066,127.0203,127.559
2021-12-10,3.3799,3.4656,159.7094,126.7165,132.1785
2021-12-13,3.2385,3.3753,156.3326,121.8236,136.6551
2021-12-14,3.0834,3.4011,156.5896,122.7181,133.5475
2021-12-15,2.9043,3.3232,156.9998,124.4822,130.8372
2021-12-16,2.9133,3.301,157.2936,123.2038,137.011
2021-12-17,3.1345,3.3242,154.7476,119.5137,139.6548
2021-12-20,3.2559,3.47,159.0575,127.2366,137.6993
2021-12-21,3.2453,3.4697,158.7997,127.5675,135.4016
2021-12-22,3.0171,3.5905,161.0853,130.4095,135.8791
2021-12-23,2.9022,3.6391,160.4856,133.2118,129.2924
2021-12-24,2.5984,3.6346,162.6795,134.5435,123.3977
2021-12-27,2.3856,3.4165,160.7947,133.3892,127.3864
2021-12-28,2.4443,3.7,164.182,132.098,125.4811
2021-12-29,2.8194,3.9707,166.9754,135.4754,129.3953
2021-12-30,3.0046,4.274,166.5932,128.182,132.6118
2021-12-31,3.0695,4.2998,168.1333,128.926,130.3661
2022-01-03,3.5075,4.6829,170.2785,129.833,133.1489
2022-01-04,3.6673,4.8317,171.0012,130.3826,133.6636
2022-01-05,3.679,4.7823,168.292,123.2318,137.4074
2022-01-06,3.7054,4.7897,168.4264,122.5498,138.9616
2022-01-07,3.7177,4.709,164.6613,123.0713,142.5654
2022-01-10,3.8582,4.5483,161.3597,119.2671,144.867
2022-01-11,3.7936,4.9761,166.6432,118.776,142.9838
2022-01-12,3.8541,4.8713,165.1777,110.7353,147.4645
2022-01-13,3.603,4.7345,162.5286,106.3117,144.8905
2022-01-14,3.5249,4.6845,162.7013,103.5144,143.4041
2022-01-17,3.3887,4.5338,163.1058,105.0519,137.2045
2022-01-18,3.4309,4.4389,163.7816,106.5713,135.2387
2022-01-19,3.5245,4.4559,163.0034,106.5214,135.791
2022-01-20,3.5712,4.5163,161.9297,107.4803,133.74
2022-01-21,3.4419,4.0813,156.1831,101.1859,135.084
2022-01-24,3.3913,4.2912,159.2701,103.5752,136.431
2022-01-25,3.3392,4.2958,160.743,106.332,136.4052
2022-01-26,3.3241,4.2272,159.9894,104.5449,136.191
2022-01-27,3.0861,4.3035,161.4102,104.126,133.1529
2022-01-28,3.1489,4.172,162.0641,106.4573,136.5823
2022-01-31,3.1916,3.9408,160.263,102.5719,143.4781
2022-02-01,3.2042,3.7296,160.3632,105.0978,140.0887
2022-02-02,3.0385,3.7386,159.8928,104.5036,136.4373
2022-02-03,3.3559,3.7469,154.9951,105.0364,138.6286
2022-02-04,3.0263,3.5869,156.7638,106.4903,139.0141
2022-02-07,2.9271,3.5885,158.0036,104.879,137.5641
2022-02-08,2.5304,3.569,159.1292,104.944,134.1557
2022-02-09,2.0197,3.3184,158.8248,108.0156,133.4132
2022-02-10,1.9197,3.1664,159.6331,108.5869,133.4768
2022-02-11,1.7868,3.1307,157.9397,107.1667,134.8344
2022-02-14,1.9379,3.454,163.7259,109.5869,134.8083
2022-02-15,2.0473,3.5825,164.4296,106.9025,141.1559
2022-02-16,2.24,3.802,167.5157,104.4073,146.6869
2022-02-17,2.2637,3.7215,165.9137,103.1296,147.0541
2022-02-18,2.5309,3.9493,167.8561,104.2916,149.5232
2022-02-21,2.2922,3.5673,163.0148,100.7443,149.3398
2022-02-22,2.228,3.3462,161.8363,102.7006,151.9002
2022-02-23,2.1854,3.0424,158.2154,101.968,150.1476
2022-02-24,1.9237,2.6977,157.0719,106.3462,147.5001
2022-02-25,1.9684,2.9528,161.0828,108.2461,147.4477
2022-02-28,2.1176,3.0577,160.8163,112.3259,147.48
2022-03-01,2.1278,3.1135,160.5102,106.3048,150.1385
2022-03-02,2.0817,3.1064,161.6181,106.1992,149.3253
2022-03-03,2.0919,3.1238,162.0309,105.4801,151.2628
2022-03-04,2.055,3.2825,164.0984,102.5717,152.7691
2022-03-07,2.1079,3.0279,163.1864,100.8703,155.3328
2022-03-08,2.053,2.8623,159.2001,94.5981,158.5999
2022-03-09,2.153,2.9595,161.085,98.4551,155.7385
2022-03-10,2.1969,2.8215,159.4077,99.2721,155.469
2022-03-11,2.3318,2.9306,157.4894,97.4971,157.1374
2022-03-14,2.4855,2.8637,155.2742,98.3775,160.8362
2022-03-15,2.5821,2.8528,155.7646,101.056,160.2405
2022-03-16,2.5982,2.8882,156.5622,103.3512,160.9968
2022-03-17,2.7413,2.8603,154.2114,101.4774,164.1312
2022-03-18,2.7178,2.7798,153.4824,102.8336,163.8347
2022-03-21,2.483,2.4112,148.1739,99.9033,166.7662
2022-03-22,2.4741,2.4259,149.6282,98.309,167.5793
2022-03-23,2.2102,2.173,145.4571,95.318,166.6886
2022-03-24,2.3681,2.2873,145.6264,94.5853,164.9943
2022-03-25,2.4517,2.2252,143.7112,94.1792,167.79
2022-03-28,2.3887,2.0704,141.5015,93.2436,164.2857
2022-03-29,2.4275,2.04,141.1231,94.0089,160.8972
2022-03-30,2.5764,2.0887,141.2135,93.2278,162.1638
2022-03-31,2.3981,1.9491,139.89,94.6318,159.3622
2022-04-01,2.535,2.0808,141.2567,93.0146,160.3416
2022-04-04,2.4981,2.2216,143.7989,92.7498,161.2329
2022-04-05,2.5394,2.3027,145.0002,96.1046,157.7347
2022-04-06,2.7906,2.4867,145.108,94.4863,160.5683
2022-04-07,2.8396,2.578,144.5085,93.1937,163.9831
2022-04-08,2.6911,2.5949,146.2758,95.478,162.2777
2022-04-11,2.5033,2.3865,144.0496,93.8363,164.6155
2022-04-12,2.4359,2.1936,143.1525,96.1724,163.1687
2022-04-13,2.5052,2.1391,144.3233,98.5144,162.5128
2022-04-14,2.261,2.0184,143.8545,96.8914,161.568
2022-04-15,2.3839,2.0211,143.0859,95.7017,165.1414
2022-04-18,2.3549,1.9788,141.7048,95.8557,162.9044
2022-04-19,2.4389,2.1564,142.5023,95.3498,163.723
2022-04-20,2.4574,2.1661,143.9823,93.5616,162.1429
2022-04-21,2.369,2.2622,143.0853,93.5309,159.9162
2022-04-22,2.3111,2.2331,142.2274,93.611,159.5149
2022-04-25,2.2943,2.2175,141.4725,94.4973,161.9843
2022-04-26,2.433,2.4218,143.7351,95.7498,164.0364
2022-04-27,2.489,2.5128,143.5785,94.9121,165.416
2022-04-28,2.3963,2.2955,140.6009,93.2281,167.5555
2022-04-29,2.4475,2.404,142.3784,94.0779,165.4798
2022-05-02,2.4376,2.3288,142.157,93.2196,166.3188
2022-05-03,2.3939,2.2299,142.0187,94.1403,163.8292
2022-05-04,2.3665,2.2801,140.7945,94.7507,162.6324
2022-05-05,2.3923,2.1162,139.5164,94.9453,159.3185
2022-05-06,2.2145,2.2044,141.3738,94.5306,158.2141
2022-05-09,2.2031,2.2118,143.147,97.1318,156.5101
2022-05-10,2.2731,2.0913,140.3601,96.2676,156.1479
2022-05-11,2.4032,2.1701,139.2201,94.2591,157.3729
2022-05-12,2.4427,2.2929,140.8266,94.7811,156.9562
2022-05-13,2.4717,2.4234,141.2876,94.832,156.6936
2022-05-16,2.3638,2.4301,142.5674,95.3448,156.5946
2022-05-17,2.4317,2.5916,143.2814,94.916,156.6727
2022-05-18,2.3884,2.5298,141.4753,93.1938,156.7397
2022-05-19,2.3953,2.6095,140.9337,92.0991,156.1468
2022-05-20,2.5251,2.6848,141.5708,92.9746,155.7422
2022-05-23,2.5486,2.526,139.3651,94.2561,158.6897
2022-05-24,2.6341,2.4868,138.4335,95.8557,159.9075
2022-05-25,2.6545,2.3824,137.4827,94.9747,159.6118
2022-05-26,2.7222,2.4723,136.2805,95.9551,158.4231
2022-05-27,2.7301,2.5162,136.114,93.9727,157.4984
2022-05-30,2.7222,2.5471,136.0304,93.7261,154.0117
2022-05-31,2.6937,2.4544,133.8547,92.9541,157.0002
2022-06-01,2.6587,2.3998,133.911,93.1306,157.9753
2022-06-02,2.5981,2.2087,130.3075,91.0572,157.6216
2022-06-03,2.613,2.2415,131.7921,93.7534,155.815
2022-06-06,2.6325,2.2901,131.0706,95.1853,154.7336
2022-06-07,2.5166,2.2489,133.2806,95.2178,151.4168
2022-06-08,2.4475,2.359,133.2889,92.7861,150.8586
2022-06-09,2.4341,2.4066,134.4491,93.7281,149.7364
2022-06-10,2.5163,2.443,135.0344,95.9514,150.1522
2022-06-13,2.5147,2.485,136.5319,96.0284,148.7915
2022-06-14,2.5969,2.6006,136.5309,96.2021,150.3554
2022-06-15,2.7241,2.7587,138.0751,95.9482,151.2883
2022-06-16,2.7552,2.8143,138.2037,95.9797,151.2522
2022-06-17,2.787,2.9544,139.7305,95.4078,152.0195
2022-06-20,2.6742,2.9213,138.5846,93.8101,150.7742
2022-06-21,2.6669,3.0512,140.8585,94.7012,149.2951
2022-06-22,2.6247,3.0914,140.5984,95.8198,147.9805
2022-06-23,2.7079,3.0195,138.8963,95.0234,150.5376
2022-06-24,2.52,2.8576,138.525,97.8831,148.1955
2022-06-27,2.5114,2.7608,135.6861,95.5716,147.023
2022-06-28,2.479,2.7736,136.5548,95.1069,148.8185
2022-06-29,2.5111,2.6125,136.1824,94.9519,148.8474
2022-06-30,2.4116,2.5694,134.0095,93.8012,149.3555
2022-07-01,2.4685,2.7766,134.8241,95.3276,150.2996
2022-07-04,2.5426,2.7198,134.2714,95.8276,148.5948
2022-07-05,2.5947,2.691,135.0063,95.215,148.9412
2022-07-06,2.7754,2.7589,134.8497,96.0418,151.0775
2022-07-07,2.7755,2.7015,134.6326,94.2877,152.4764
2022-07-08,2.7386,2.54,133.4823,94.9914,152.5856
2022-07-11,2.8696,2.667,133.8852,94.2936,154.5206
2022-07-12,2.7689,2.5975,133.1345,93.8313,153.698
2022-07-13,2.8636,2.5886,134.3837,94.4262,154.6105
2022-07-14,2.8297,2.6716,136.1708,95.3772,156.6349
2022-07-15,2.8615,2.6812,137.8677,96.8057,153.9724
2022-07-18,2.7876,2.7125,137.4048,97.107,152.1449
2022-07-19,2.6044,2.5393,137.9842,97.7145,151.2909
2022-07-20,2.5718,2.5437,137.4108,97.8188,150.55
2022-07-21,2.5673,2.6219,139.4203,97.4652,152.2461
2022-07-22,2.5833,2.4987,138.2608,97.5844,154.367
2022-07-25,2.6866,2.4104,136.7519,96.9455,155.6673
2022-07-26,2.7294,2.3921,136.5194,95.4178,158.4854
2022-07-27,2.5897,2.3939,136.6721,96.6031,157.0484
2022-07-28,2.4825,2.4195,138.8299,97.7071,156.0593
2022-07-29,2.5343,2.3665,137.175,97.6554,158.0611
2022-08-01,2.5685,2.37,136.7703,98.1114,159.3849
2022-08-02,2.7468,2.4812,137.2535,97.4318,160.7196
2022-08-03,2.829,2.5137,135.6921,97.151,162.545
2022-08-04,2.8655,2.5755,138.1779,97.3318,163.5006
2022-08-05,2.9722,2.7198,136.7884,97.0527,164.6174
2022-08-08,3.052,2.7306,137.4337,94.9458,167.3211
2022-08-09,3.0218,2.5638,134.9663,95.3446,167.7878
2022-08-10,2.9456,2.4901,134.5758,95.9964,166.4583
2022-08-11,2.9242,2.4308,133.5858,97.3829,167.6029
2022-08-12,2.9073,2.4634,134.2014,97.6781,166.5099
2022-08-15,2.7956,2.3835,132.3126,99.636,164.0841
2022-08-16,3.0265,2.4968,132.2277,98.2049,165.7694
2022-08-17,3.0426,2.5728,133.3089,97.7833,166.2495
2022-08-18,2.9732,2.6226,134.7552,99.3292,166.0891
2022-08-19,2.9059,2.7268,134.325,101.292,163.9734
2022-08-22,2.9714,2.6914,134.4254,100.2361,165.4772
2022-08-23,3.064,2.782,135.6343,101.9889,162.1202
2022-08-24,3.1193,2.6751,136.0805,100.2127,162.6466
2022-08-25,3.0633,2.6388,135.8067,99.3277,163.2607
2022-08-26,3.0635,2.4902,134.9034,99.1407,163.922
2022-08-29,3.0498,2.4425,134.6311,100.7304,162.5979
2022-08-30,3.0283,2.444,134.9042,102.037,161.25
2022-08-31,3.0304,2.4389,132.621,100.7087,161.3424
2022-09-01,2.9827,2.432,133.1074,100.6694,159.8945
2022-09-02,2.943,2.4917,132.8793,100.528,158.1004
2022-09-05,2.9094,2.4212,131.9765,101.5225,156.6599
2022-09-06,2.9999,2.5262,132.1737,99.5543,158.1682
2022-09-07,2.9964,2.5111,132.9972,100.2421,156.682
2022-09-08,3.049,2.5115,133.9618,100.009,156.108
2022-09-09,3.1263,2.4797,134.0822,98.6104,156.9333
2022-09-12,3.2821,2.5244,134.2938,98.9872,157.9662
2022-09-13,3.2326,2.3626,134.1916,97.2172,155.0854
2022-09-14,3.1472,2.409,134.8921,97.1782,155.9412
2022-09-15,3.1925,2.379,134.657,96.3485,155.2555
2022-09-16,3.083,2.2632,134.3538,96.8922,153.2883
2022-09-19,2.966,2.2164,133.8354,98.2202,149.7747
2022-09-20,2.9549,2.2908,135.0932,99.4425,151.4751
2022-09-21,2.9375,2.3072,136.3889,99.0912,148.8171
2022-09-22,3.0241,2.23,136.2659,98.9252,148.6997
2022-09-23,2.9952,2.1625,135.5479,100.3495,149.2627
2022-09-26,3.0274,2.1786,136.0964,99.7865,152.7024
2022-09-27,3.176,2.223,136.6487,98.7306,151.8838
2022-09-28,3.1962,2.3146,137.4601,97.4163,153.0336
2022-09-29,3.3145,2.4203,139.6902,100.0564,153.2491
2022-09-30,3.2803,2.4661,142.04,101.8388,154.4024
2022-10-03,3.2706,2.3511,141.1728,104.518,153.6738
2022-10-04,3.2554,2.4407,141.4,102.5706,153.4397
2022-10-05,3.2221,2.4106,141.0736,103.6243,152.809
2022-10-06,3.2374,2.4462,141.9682,104.4957,154.0608
2022-10-07,3.2123,2.4714,140.6956,104.9907,154.7598
2022-10-10,3.3074,2.4239,140.8234,106.1469,153.5286
2022-10-11,3.3297,2.3955,140.4998,103.9223,154.3959
2022-10-12,3.3887,2.3698,139.805,102.2262,153.1006
2022-10-13,3.4051,2.3771,140.439,103.6017,152.3347
2022-10-14,3.4876,2.4411,140.5097,102.0449,153.5158
2022-10-17,3.5121,2.4859,140.0123,101.6865,156.4315
2022-10-18,3.4814,2.4505,141.3363,102.3501,157.5506
2022-10-19,3.4441,2.3674,142.5732,103.2615,156.9202
2022-10-20,3.4202,2.5123,143.4285,105.3473,154.7901
2022-10-21,3.43,2.5224,144.4306,103.3813,155.3913
2022-10-24,3.4337,2.445,144.3275,103.8271,153.8546
2022-10-25,3.4016,2.3647,143.6263,104.1728,154.4975
2022-10-26,3.3444,2.322,143.7333,104.5122,152.5891
2022-10-27,3.3682,2.257,143.8724,106.0569,153.0717
2022-10-28,3.3303,2.3252,143.0563,103.9174,154.0858
2022-10-31,3.2757,2.4599,143.6562,102.2057,153.1327
2022-11-01,3.2516,2.4468,145.5719,102.4007,153.0299
2022-11-02,3.1793,2.451,144.9326,101.2972,154.816
2022-11-03,3.1969,2.4621,143.5631,100.1827,156.1606
2022-11-04,3.1004,2.5275,144.6528,98.8396,157.3178
2022-11-07,2.99,2.4163,144.4437,99.0305,159.1199
2022-11-08,2.9156,2.5189,145.3584,98.8496,158.9591
2022-11-09,2.9601,2.5746,144.7267,98.6038,159.3569
2022-11-10,2.9889,2.5462,144.7542,97.8922,160.4759
2022-11-11,3.0872,2.5156,145.2414,97.5247,162.8474
2022-11-14,3.1445,2.4377,144.0236,96.2973,164.2868
2022-11-15,2.8889,2.492,146.1323,98.5134,159.6682
2022-11-16,3.0494,2.5347,146.9731,98.6297,157.0685
2022-11-17,3.0165,2.485,145.6156,97.1197,156.7436
2022-11-18,2.9628,2.2929,143.1736,96.847,156.802
2022-11-21,2.9262,2.2691,143.1768,96.797,157.3791
2022-11-22,3.0589,2.2396,145.18,97.779,157.5015
2022-11-23,2.9769,2.1414,143.5252,98.9151,154.001
2022-11-24,3.0399,2.2161,144.2244,98.1126,153.7626
2022-11-25,3.1629,2.2439,146.3856,98.3117,153.9621
2022-11-28,3.1998,2.2522,145.103,97.7767,156.6689
2022-11-29,3.2097,2.2091,143.3854,96.9333,157.7961
2022-11-30,3.0933,2.2284,145.8499,97.6074,153.6578
2022-12-01,3.0987,2.4027,146.0375,98.0917,154.2252
2022-12-02,2.9305,2.2627,144.6691,98.8398,153.8895
2022-12-05,2.8008,2.3128,145.9064,98.3624,152.3434
2022-12-06,2.8,2.2914,147.5062,101.01,151.7035
2022-12-07,2.7449,2.4038,149.2695,102.644,148.1186
2022-12-08,2.9084,2.5715,150.3196,100.1008,151.8622
2022-12-09,2.8165,2.6389,149.5884,98.7684,148.3551
2022-12-12,2.9192,2.7634,150.2655,98.8869,149.9125
2022-12-13,2.8614,2.7732,151.0312,98.4258,150.7756
2022-12-14,2.8291,2.7332,151.7379,97.445,150.923
2022-12-15,2.73,2.6838,150.1327,97.0074,150.9681
2022-12-16,2.6422,2.6921,150.5054,95.8953,150.0616
2022-12-19,2.7125,2.668,152.3908,98.7629,150.3168
2022-12-20,2.8691,2.816,153.1618,97.449,151.4943
2022-12-21,2.9139,2.754,151.1135,96.4417,151.7826
2022-12-22,2.7969,2.6716,153.2947,98.282,149.844
2022-12-23,2.8004,2.6688,152.5287,98.387,149.9423
2022-12-26,2.8888,2.743,152.0144,97.9423,151.1638
2022-12-27,3.0087,2.7632,154.3372,99.374,150.8826
2022-12-28,2.9126,2.7491,153.9334,97.5292,153.7617
2022-12-29,2.9772,2.798,156.0028,97.4285,152.3882
2022-12-30,3.054,2.9357,155.7501,96.9409,151.8245
2023-01-02,3.1034,3.0396,157.189,96.6009,151.7156
2023-01-03,3.0773,3.0292,157.3487,98.0968,149.3344
2023-01-04,3.0396,3.0184,159.1318,98.5997,150.6149
2023-01-05,2.9574,3.0637,160.7407,100.6852,148.8758
2023-01-06,2.9878,2.9571,159.9642,101.292,147.2512
2023-01-09,3.0686,2.9529,161.0022,103.6488,147.2976
2023-01-10,3.1533,2.9527,160.7645,103.8687,145.917
2023-01-11,3.0725,2.8256,158.9122,103.4585,147.541
2023-01-12,3.0675,3.0206,160.5596,102.1056,148.0464
2023-01-13,3.0405,3.0016,158.0412,100.6911,146.2221
2023-01-16,3.0038,3.0718,160.3006,100.9798,147.8155
2023-01-17,2.9265,3.1175,159.8356,101.6415,147.2594
2023-01-18,2.9058,3.0337,158.9328,102.2213,147.9017
2023-01-19,2.9356,2.9475,156.793,99.5878,150.0048
2023-01-20,2.9804,2.9676,160.3507,100.9929,148.7694
2023-01-23,3.2086,3.0168,158.5621,97.817,151.4212
2023-01-24,3.2051,2.9693,157.6185,95.5702,153.4119
2023-01-25,3.2281,2.9277,158.9706,96.1708,152.5094
2023-01-26,3.3556,3.0977,160.0785,95.3459,155.4755
2023-01-27,3.3615,3.1842,160.9852,94.8758,155.2382
2023-01-30,3.2716,3.1771,162.0762,95.1979,153.9293
2023-01-31,3.3005,3.1428,160.4594,93.834,154.2071
2023-02-01,3.348,3.0568,162.1254,93.4682,154.0821
2023-02-02,3.2946,3.0027,160.7184,93.4009,155.0686
2023-02-03,3.247,3.0139,161.0289,94.5907,156.4124
2023-02-06,3.4431,3.0738,161.5117,95.2156,158.8012
2023-02-07,3.3497,3.0959,161.4707,96.0289,160.056
2023-02-08,3.4721,3.2411,162.6048,95.3642,159.8167
2023-02-09,3.3415,3.1716,161.0935,94.2022,161.2516
2023-02-10,3.3677,3.1612,160.2645,95.799,160.507
2023-02-13,3.5681,3.2279,159.9221,95.065,161.132
2023-02-14,3.6157,3.2521,161.3984,94.3985,160.3162
2023-02-15,3.6495,3.2362,160.8885,94.8925,161.5423
2023-02-16,3.6434,3.2919,160.4244,93.5284,162.0215
2023-02-17,3.4157,3.0912,157.4403,91.1661,160.8458
2023-02-20,3.3538,2.9919,155.2379,91.5415,158.0715
2023-02-21,3.3058,3.0264,155.1996,91.1756,158.2289
2023-02-22,3.3737,3.0303,158.312,92.5149,157.649
2023-02-23,3.2857,3.0032,156.8278,91.8576,158.3456
2023-02-24,3.3264,2.9812,157.7329,92.6698,158.3448
2023-02-27,3.1297,2.943,157.1518,93.2846,156.6461
2023-02-28,2.9801,2.8698,154.8828,94.9714,156.803
2023-03-01,2.8183,2.7552,151.6271,95.7871,152.5217
2023-03-02,2.8456,2.8676,152.6771,93.0821,151.7384
2023-03-03,2.7793,2.8368,153.3085,94.9634,153.466
2023-03-06,2.796,2.8703,155.2002,95.8908,152.6509
2023-03-07,2.8563,2.9203,156.8032,96.635,156.9933
2023-03-08,2.8878,2.8912,155.3435,97.8376,155.8274
2023-03-09,2.8179,2.7763,154.2047,99.1196,154.97
2023-03-10,2.8238,2.8281,155.344,101.0255,155.4586
2023-03-13,2.6652,2.6831,154.0666,100.9534,154.1473
2023-03-14,2.8216,2.6397,153.8079,99.7214,152.5383
2023-03-15,2.7555,2.6117,152.743,99.3472,150.7582
2023-03-16,2.7395,2.6994,154.049,99.8353,150.4104
2023-03-17,2.7257,2.7339,156.2945,99.4353,150.6288
2023-03-20,2.6498,2.7283,155.5407,97.9106,147.4247
2023-03-21,2.6663,2.83,156.6913,98.6602,147.9071
2023-03-22,2.7149,2.8128,155.7497,99.4203,147.743
2023-03-23,2.8735,2.9817,159.3662,101.6356,149.1753
2023-03-24,2.8869,2.856,158.8632,100.527,149.527
2023-03-27,2.7762,2.739,158.9935,100.4833,146.7266
2023-03-28,2.5528,2.596,156.8024,102.7253,144.5408
2023-03-29,2.64,2.5302,155.6149,103.5754,143.8135
2023-03-30,2.6049,2.5233,156.5376,104.8761,144.3392
2023-03-31,2.6596,2.4337,156.0123,103.5672,144.5294
2023-04-03,2.6867,2.4194,156.4816,105.6372,141.7112
2023-04-04,2.7993,2.553,157.83,104.228,144.8082
2023-04-05,2.9047,2.6127,159.3617,106.1027,145.972
2023-04-06,3.0292,2.7079,159.7336,104.8546,146.8382
2023-04-07,3.0314,2.7262,158.1366,103.9797,146.3688
2023-04-10,2.9576,2.7476,157.5123,102.437,147.0374
2023-04-11,2.9221,2.6246,154.5151,103.8617,145.4322
2023-04-12,3.0301,2.7122,155.7383,102.4607,145.3849
2023-04-13,3.0769,2.8579,155.4301,101.5395,147.0267
2023-04-14,3.1053,2.817,154.6046,102.3761,147.2877
2023-04-17,3.0259,2.6841,152.6733,101.1972,145.5106
2023-04-18,3.0173,2.6927,153.1871,100.897,145.463
2023-04-19,2.9798,2.6616,152.8177,99.1797,143.9464
2023-04-20,3.1281,2.6979,153.3087,97.6463,145.0139
2023-04-21,3.1721,2.69,155.3843,97.2838,143.3131
2023-04-24,3.0947,2.739,156.7299,103.1869,142.3059
2023-04-25,3.0054,2.8178,157.9352,105.3513,142.0444
2023-04-26,3.1468,2.7703,157.687,105.9063,143.7353
2023-04-27,3.0671,2.803,158.9774,104.1869,145.6061
2023-04-28,3.0278,2.7336,158.5376,104.5275,144.2287
2023-05-01,2.9247,2.58,157.7615,105.917,141.549
2023-05-02,2.8979,2.5669,157.4044,106.2604,141.2185
2023-05-03,2.766,2.5945,157.0191,105.6108,140.4799
2023-05-04,2.8362,2.5159,156.2089,105.5842,140.7388
2023-05-05,2.8287,2.5065,156.6901,107.8301,141.1871
2023-05-08,2.9888,2.5599,159.0099,107.0835,143.2117
2023-05-09,2.9794,2.6104,159.9041,108.0865,143.0939
2023-05-10,2.9573,2.5744,161.4364,108.8065,142.0886
2023-05-11,2.8987,2.5651,161.5717,109.8825,142.2308
2023-05-12,2.7981,2.4944,162.28,111.094,141.4888
2023-05-15,2.8438,2.4818,160.8,111.0176,140.6626
2023-05-16,2.9409,2.3553,161.7155,111.0576,142.727
2023-05-17,2.9743,2.3575,162.3723,111.1478,143.2556
2023-05-18,2.8687,2.3285,162.9085,112.792,141.3608
2023-05-19,2.9278,2.4333,162.2181,114.1386,140.4056
2023-05-22,2.9452,2.4248,163.4218,114.4918,141.4491
2023-05-23,2.7803,2.4089,166.5925,116.4739,137.0768
2023-05-24,2.7364,2.4432,167.9595,116.814,137.1325
2023-05-25,2.841,2.5179,169.0588,117.5495,134.4054
2023-05-26,2.8357,2.4918,170.0337,117.8105,136.5431
2023-05-29,2.8813,2.5445,170.7271,120.3547,136.8271
2023-05-30,2.8589,2.526,171.1925,117.5162,139.0787
2023-05-31,2.9968,2.6453,172.8095,118.5285,139.5996
2023-06-01,2.8609,2.6141,171.8571,118.289,138.719
2023-06-02,2.9556,2.6288,170.774,116.6726,139.1696
2023-06-05,3.0696,2.6834,169.4304,115.5083,140.0423
2023-06-06,3.1928,2.6483,167.7455,112.7103,141.9435
2023-06-07,3.2673,2.6505,169.1268,113.1817,142.2237
2023-06-08,3.209,2.6043,166.287,111.761,141.4167
2023-06-09,3.2171,2.6134,166.5781,110.0667,140.0843
2023-06-12,3.137,2.6055,165.3299,107.4311,139.8626
2023-06-13,3.2551,2.5714,166.5308,107.2459,140.5786
2023-06-14,3.2169,2.5943,167.2309,108.546,143.1114
2023-06-15,3.1822,2.6069,167.8103,108.0482,144.6782
2023-06-16,3.0586,2.6434,166.3005,109.285,143.7112
2023-06-19,3.1437,2.7686,166.6845,110.2855,144.0841
2023-06-20,3.0946,2.7572,167.9123,112.9926,144.8774
2023-06-21,2.9749,2.6645,167.136,113.6863,145.0565
2023-06-22,2.9877,2.6786,167.6082,114.3109,144.9301
2023-06-23,3.0328,2.6792,168.0607,115.5683,146.5172
2023-06-26,3.0737,2.7281,167.9504,115.9535,144.451
2023-06-27,3.0727,2.6446,166.9019,113.5267,143.6882
2023-06-28,2.9901,2.6525,168.7694,116.3448,139.5415
2023-06-29,3.031,2.6697,169.6042,114.7403,139.6241
2023-06-30,3.1624,2.7576,170.6143,115.7343,139.0761
2023-07-03,3.1328,2.6833,170.2283,115.6332,138.3225
2023-07-04,3.154,2.7045,170.8961,114.8875,139.0735
2023-07-05,3.2814,2.7051,172.0576,115.4552,138.7241
2023-07-06,3.1987,2.6152,171.4785,114.5165,137.5415
2023-07-07,3.0771,2.6595,170.2776,117.3059,136.3861
2023-07-10,2.9098,2.4687,170.3545,117.8264,136.9819
2023-07-11,2.9125,2.5599,171.557,116.7755,134.8433
2023-07-12,2.8798,2.5301,172.3288,117.7225,136.1997
2023-07-13,2.9329,2.6059,174.5337,117.2211,138.6452
2023-07-14,3.0182,2.8651,175.0901,116.4488,137.9258
2023-07-17,3.098,2.7689,174.9368,116.3468,139.5213
2023-07-18,3.192,2.6836,175.1302,116.5223,138.5611
2023-07-19,3.1063,2.4814,172.0218,118.765,138.9758
2023-07-20,3.0182,2.5337,172.9268,121.8569,137.1106
2023-07-21,3.1959,2.4292,171.2737,119.6206,139.5082
2023-07-24,3.2245,2.4029,171.6824,119.1763,138.6237
2023-07-25,3.2677,2.3847,170.5196,116.6579,138.9501
2023-07-26,3.225,2.1937,168.0107,115.9705,139.8944
2023-07-27,3.1602,2.2331,168.3295,114.7754,139.6617
2023-07-28,2.9576,2.1484,165.7531,116.5759,137.5286
2023-07-31,2.9667,2.2237,164.6394,112.7393,137.6877
2023-08-01,2.9229,2.2238,165.1279,114.0798,136.4592
2023-08-02,2.9541,2.2773,165.8889,114.8247,135.8221
2023-08-03,3.0901,2.3159,167.9546,116.1839,136.4158
2023-08-04,3.0818,2.3325,166.2521,115.6629,136.9246
2023-08-07,3.0566,2.3558,163.8912,114.0294,136.8619
2023-08-08,3.0283,2.3997,162.3806,114.051,135.8544
2023-08-09,2.9839,2.5231,163.8592,113.8722,135.9174
2023-08-10,2.9335,2.5345,164.0699,115.3355,133.6164
2023-08-11,2.9651,2.4802,163.6153,116.8787,134.9847
2023-08-14,2.8643,2.5254,163.1117,117.8102,132.3077
2023-08-15,2.7827,2.5846,160.3018,117.6681,132.2681
2023-08-16,2.8913,2.5476,160.7909,117.9807,132.6731
2023-08-17,2.9837,2.5928,159.6172,114.47,133.9842
2023-08-18,3.0358,2.5564,159.8216,116.2392,135.5164
2023-08-21,3.0214,2.5481,158.8301,119.7437,135.0186
2023-08-22,3.0311,2.5187,157.9479,119.1131,135.274
2023-08-23,3.0733,2.5502,158.1771,119.4195,136.4145
2023-08-24,3.0043,2.4175,157.0915,119.906,133.8691
2023-08-25,2.935,2.5104,155.2313,120.3204,133.4713
2023-08-28,2.9671,2.5918,158.7822,123.9313,128.838
2023-08-29,2.9251,2.4829,157.584,125.0144,127.5384
2023-08-30,2.778,2.3672,155.6547,122.7957,129.1914
2023-08-31,2.8209,2.3356,155.6436,123.3836,130.924
2023-09-01,2.7711,2.2881,155.7615,123.7943,133.6562
2023-09-04,2.729,2.2599,155.5886,122.66,133.7803
2023-09-05,2.7658,2.197,155.2345,121.1218,134.6507
2023-09-06,2.7972,2.1812,154.8816,122.9956,133.8703
2023-09-07,2.7877,2.0746,153.521,122.2315,135.6215
2023-09-08,2.7357,2.0651,154.8357,124.0076,134.0759
2023-09-11,2.7417,2.2803,156.8002,123.543,136.4371
2023-09-12,2.7407,2.2287,155.3261,120.3148,137.3582
2023-09-13,2.6012,2.2635,155.6688,121.2386,137.0798
2023-09-14,2.5803,2.361,155.8235,121.1018,140.3959
2023-09-15,2.6688,2.4609,157.1543,122.089,140.6761
2023-09-18,2.659,2.4772,157.7609,124.4464,139.8831
2023-09-19,2.5791,2.4683,156.9828,124.5918,139.721
2023-09-20,2.6946,2.676,160.8213,126.3276,139.6379
2023-09-21,2.629,2.616,160.6966,128.06,138.5281
2023-09-22,2.6269,2.5842,159.3951,128.0543,135.7928
2023-09-25,2.6598,2.6363,159.6023,128.3882,135.1647
2023-09-26,2.6793,2.6461,162.193,131.821,136.3153
2023-09-27,2.6877,2.6188,161.7603,130.4923,136.94
2023-09-28,2.6437,2.5595,162.7036,130.8509,135.91
2023-09-29,2.6732,2.6101,162.9591,132.0998,136.5956
2023-10-02,2.5206,2.6404,161.7252,133.9372,133.02
2023-10-03,2.3933,2.4862,160.8786,131.8861,134.925
2023-10-04,2.4391,2.5975,160.5439,131.5796,134.2433
2023-10-05,2.2498,2.6815,163.1037,131.9876,130.6171
2023-10-06,2.2898,2.7327,164.2483,130.6752,130.6476
2023-10-09,2.1426,2.6747,164.2203,132.3116,129.4181
2023-10-10,2.0948,2.5975,161.0931,131.6617,127.2752
2023-10-11,2.1405,2.7012,161.8738,135.1302,125.2759
2023-10-12,2.2996,2.7534,162.3573,135.4745,126.4449
2023-10-13,2.4593,2.9609,164.7636,134.9763,126.05
2023-10-16,2.5153,3.0009,165.6256,133.5146,125.7648
2023-10-17,2.5758,2.9425,165.4986,132.7279,126.3606
2023-10-18,2.6634,3.0402,169.1898,135.2416,125.578
2023-10-19,2.6783,3.145,170.0176,134.9495,126.2046
2023-10-20,2.6539,3.1762,169.7545,135.0905,128.6675
2023-10-23,2.5619,3.0804,166.391,133.7276,128.1522
2023-10-24,2.4763,3.0857,167.5313,134.8852,126.0651
2023-10-25,2.4612,3.0685,170.1125,136.564,124.7916
2023-10-26,2.5504,3.0535,169.1588,134.9836,125.9565
2023-10-27,2.5731,3.0526,167.0999,132.7826,124.8427
2023-10-30,2.4554,2.994,167.096,131.4617,126.0589
2023-10-31,2.3195,2.9791,166.2794,133.0974,124.8994
2023-11-01,2.3823,3.1102,167.2381,132.4348,124.4297
2023-11-02,2.3537,3.0263,165.9005,132.732,123.7984
2023-11-03,2.42,3.1331,166.8106,129.9313,124.4021
2023-11-06,2.474,3.2738,169.0982,130.228,126.606
2023-11-07,2.5077,3.2409,169.242,130.4217,126.3226
2023-11-08,2.3638,3.1812,168.5467,129.7034,125.3464
2023-11-09,2.2994,3.3266,170.5334,129.0244,126.2802
2023-11-10,2.3489,3.3453,169.2828,128.9683,126.3729
2023-11-13,2.3254,3.3563,170.3666,130.2452,125.595
2023-11-14,2.3329,3.2964,170.831,130.2375,124.3779
2023-11-15,2.3984,3.3585,170.1385,129.551,124.8236
2023-11-16,2.5151,3.3622,170.3991,131.1882,124.9666
2023-11-17,2.4887,3.4018,169.8536,130.8532,125.7365
2023-11-20,2.5236,3.3594,170.6667,130.708,124.548
2023-11-21,2.5918,3.6385,173.6624,128.6565,125.0197
2023-11-22,2.4906,3.5386,175.4793,131.2263,123.5792
2023-11-23,2.43,3.5498,174.5395,129.3901,123.0936
2023-11-24,2.4432,3.5389,173.2389,129.1408,123.1604
2023-11-27,2.6577,3.6216,173.8239,128.2349,123.2157
2023-11-28,2.5645,3.6611,175.7147,129.3057,121.695
2023-11-29,2.5038,3.7492,176.8184,130.4989,121.8841
2023-11-30,2.4459,3.6129,178.0239,134.1059,119.6169
2023-12-01,2.4611,3.6672,180.7454,137.0396,117.2341
2023-12-04,2.3537,3.5557,180.5601,139.0132,118.4648
2023-12-05,2.3176,3.4423,180.5538,139.9213,117.348
2023-12-06,2.2435,3.4259,180.0141,141.599,117.1881
2023-12-07,2.3728,3.4042,179.3793,141.1898,117.4636
2023-12-08,2.46,3.4517,180.0085,142.7439,117.451
2023-12-11,2.5023,3.374,180.459,143.723,118.9501
2023-12-12,2.5704,3.3794,180.0106,141.3815,120.2685
2023-12-13,2.6406,3.3426,182.302,144.9492,118.6397
2023-12-14,2.7348,3.454,186.7475,145.3354,118.4989
2023-12-15,2.866,3.5638,190.2786,146.4557,119.3363
2023-12-18,2.9134,3.6337,192.6973,148.4384,120.0315
2023-12-19,2.8609,3.6706,191.8977,145.9085,122.6685
2023-12-20,2.8955,3.592,190.7431,147.0149,123.3522
2023-12-21,2.9778,3.4763,189.4821,147.0254,124.4978
2023-12-22,2.9277,3.4429,189.7358,149.5414,121.6146
2023-12-25,2.9542,3.5167,192.2479,152.8078,120.2947
2023-12-26,2.8386,3.3426,189.5931,151.7912,118.0817
2023-12-27,2.9053,3.4237,187.517,146.6943,119.9073
2023-12-28,2.9145,3.4238,189.6561,148.3557,119.5715
2023-12-29,2.9577,3.6939,191.2574,147.2621,118.9458
2024-01-01,2.8509,3.6087,189.5761,148.0087,119.1434
2024-01-02,2.8558,3.7373,189.5047,150.6886,120.6504
2024-01-03,2.9226,3.6257,189.0995,151.0198,119.7911
2024-01-04,2.8174,3.6137,185.5942,149.8049,120.1067
2024-01-05,2.9717,3.5738,186.5318,148.1402,121.8363
2024-01-08,2.9732,3.6481,186.5484,149.375,122.2821
2024-01-09,2.927,3.5576,187.241,151.0253,121.632
2024-01-10,3.0141,3.5407,187.2869,150.3577,122.2356
2024-01-11,3.0071,3.5288,189.9389,148.6356,123.4146
2024-01-12,3.1256,3.5676,189.6753,149.455,126.9378
2024-01-15,3.2564,3.5517,191.3206,152.8381,126.8238
2024-01-16,3.2642,3.5774,191.0196,153.0112,127.7978
2024-01-17,3.2329,3.4795,190.4878,152.3116,127.5962
2024-01-18,3.3952,3.5547,191.1179,154.9976,129.8008
2024-01-19,3.4691,3.6492,193.7732,155.501,130.0589
2024-01-22,3.369,3.628,192.3473,158.7046,128.9835
2024-01-23,3.3853,3.5391,191.2332,157.9801,128.8229
2024-01-24,3.288,3.6328,192.1877,161.0873,127.496
2024-01-25,3.1783,3.5578,192.301,164.7275,125.1481
2024-01-26,3.1107,3.4683,193.2006,166.6546,124.0196
2024-01-29,3.1193,3.4805,193.3444,166.3714,123.7938
2024-01-30,3.1913,3.4562,193.7177,165.008,126.6155
2024-01-31,3.2617,3.489,197.5044,165.4322,126.6599
2024-02-01,3.3593,3.5656,199.101,167.6591,124.9661
2024-02-02,3.3965,3.5505,198.8692,169.8528,122.9711
2024-02-05,3.3622,3.6068,202.1808,173.4278,124.13
2024-02-06,3.4336,3.6097,201.2528,171.4662,127.33
2024-02-07,3.4455,3.6606,204.0354,173.4029,126.8015
2024-02-08,3.3285,3.5993,203.1277,172.3949,126.5461
2024-02-09,3.3247,3.4601,201.7249,170.6426,126.0501
2024-02-12,3.1824,3.3446,199.7557,170.62,125.5344
2024-02-13,3.1778,3.2641,200.3326,171.4455,125.7011
2024-02-14,3.1995,3.1616,198.9198,166.6464,131.9314
2024-02-15,3.2898,3.2341,200.1034,170.9144,129.9539
2024-02-16,3.1222,3.2001,199.3017,171.8845,129.2579
2024-02-19,3.2129,3.2092,202.6683,173.3991,130.2988
2024-02-20,3.0622,3.1718,202.6073,172.4938,129.9725
2024-02-21,3.1211,3.3578,206.529,172.8187,128.3768
2024-02-22,3.1392,3.2713,207.3549,176.6045,129.1193
2024-02-23,3.2522,3.2473,204.9529,172.5493,131.1005
2024-02-26,3.105,3.1929,202.951,172.0098,130.5216
2024-02-27,3.0589,3.0632,202.187,176.2356,126.6162
2024-02-28,3.0237,3.1541,204.8801,176.3681,124.1213
2024-02-29,2.9743,3.2832,207.2319,180.388,123.8206
2024-03-01,3.0667,3.191,206.0132,179.5314,123.9935
2024-03-04,2.9303,3.1878,207.5264,181.7608,122.4803
2024-03-05,2.7563,3.1133,207.3536,183.1483,122.3182
2024-03-06,2.7898,3.1366,211.2384,187.2643,123.0926
2024-03-07,2.9398,3.1884,213.3384,187.1146,123.2517
2024-03-08,2.9354,3.1638,215.7182,189.6008,121.0591
2024-03-11,2.8525,3.2426,218.9191,194.4501,119.5584
2024-03-12,2.9521,3.338,216.7562,190.7749,119.3213
2024-03-13,2.8705,3.3742,216.8152,192.2734,119.1293
2024-03-14,2.9369,3.3596,214.6259,190.4459,121.7468
2024-03-15,2.9538,3.3713,213.87,190.6788,123.0601
2024-03-18,3.0485,3.479,215.7861,192.3748,124.1621
2024-03-19,3.1058,3.5887,220.1329,193.7103,124.3967
2024-03-20,3.1236,3.6022,220.1217,197.3604,121.6358
2024-03-21,3.0204,3.5174,220.2131,194.4352,120.7862
2024-03-22,2.9276,3.5163,222.1359,191.5501,121.4066
2024-03-25,3.0562,3.4882,219.1101,188.3976,120.7813
2024-03-26,3.1887,3.4719,220.2991,187.1428,119.4986
2024-03-27,3.1084,3.4427,221.6565,188.7034,120.3314
2024-03-28,3.0891,3.4235,227.1469,192.4215,119.2844
2024-03-29,3.0297,3.3536,224.5215,191.495,118.6748
2024-04-01,3.0699,3.2776,225.336,197.0439,118.78
2024-04-02,3.1104,3.2843,225.3252,196.6433,118.1686
2024-04-03,3.29,3.3133,227.0188,189.7824,119.2194
2024-04-04,3.1498,3.2847,229.2383,190.2598,119.5124
2024-04-05,3.2544,3.3147,229.7439,183.3854,121.3492
2024-04-08,3.2213,3.1426,225.5093,183.5199,123.3651
2024-04-09,3.1522,3.0514,220.5617,183.2414,124.9247
2024-04-10,3.2077,2.9649,223.5825,179.3666,126.8295
2024-04-11,3.3222,3.1101,225.6567,181.1213,126.8344
2024-04-12,3.4709,3.2665,227.1855,179.7496,128.2306
2024-04-15,3.5612,3.5476,230.3722,179.2376,130.3767
2024-04-16,3.7146,3.7322,234.1534,183.3285,130.9135
2024-04-17,3.7108,3.7854,236.3959,186.3895,131.4325
2024-04-18,3.5528,3.7797,234.5964,185.7576,130.9937
2024-04-19,3.6918,3.8398,236.1497,182.2148,130.4044
2024-04-22,3.6821,3.9323,238.1689,182.4758,129.7365
2024-04-23,3.5269,3.8691,237.5129,182.341,129.2471
2024-04-24,3.4578,3.7282,234.7324,181.8352,129.6968
2024-04-25,3.4103,3.8064,240.6327,182.0204,128.2653
2024-04-26,3.3753,3.6349,241.4868,184.1101,127.3222
2024-04-29,3.4287,3.6139,239.0461,182.2824,127.3675
2024-04-30,3.3742,3.6354,238.5755,177.2896,131.8004
2024-05-01,3.3913,3.6271,236.9475,181.3359,131.6674
2024-05-02,3.4109,3.5256,234.8722,185.2999,131.4862
2024-05-03,3.3413,3.5312,234.2697,181.6348,132.469
2024-05-06,3.4183,3.5908,235.23,181.2639,133.184
2024-05-07,3.4499,3.6159,236.8804,181.6951,132.6349
2024-05-08,3.4323,3.6646,240.7917,183.8618,132.7201
2024-05-09,3.4104,3.7596,243.7349,181.7331,133.3288
2024-05-10,3.377,3.8776,243.6038,180.2674,131.8235
2024-05-13,3.3338,3.8557,243.3881,179.6531,131.4512
2024-05-14,3.2399,3.7466,244.4292,177.2346,130.3595
2024-05-15,3.123,3.6716,241.127,175.5561,133.132
2024-05-16,3.0163,3.6854,242.9122,176.4362,133.1049
2024-05-17,3.1307,3.6525,242.0056,176.2549,134.1055
2024-05-20,3.2247,3.7611,242.9246,173.4939,137.2206
2024-05-21,3.2539,3.7643,244.0526,173.6164,135.7829
2024-05-22,3.2335,3.7414,246.9492,180.8907,132.9152
2024-05-23,3.1571,3.6379,245.855,181.5866,132.1218
2024-05-24,3.1661,3.7069,246.3012,182.6297,134.3844
2024-05-27,3.2178,3.7304,247.7086,184.6085,135.3883
2024-05-28,3.1888,3.7378,247.9029,185.74,136.9641
2024-05-29,3.2067,3.7575,247.6293,186.931,135.8528
2024-05-30,3.1919,3.7419,248.7334,189.2125,135.73
2024-05-31,3.2259,3.8419,248.3213,187.8014,135.1222
2024-06-03,3.3219,3.9063,252.8526,191.3378,137.6643
2024-06-04,3.3521,3.9363,256.2391,189.5201,136.6294
2024-06-05,3.2802,3.7342,253.0682,191.3388,137.933
2024-06-06,3.3071,3.7205,252.0334,193.7708,137.4008
2024-06-07,3.3083,3.665,254.9502,194.2384,138.0707
2024-06-10,3.5097,3.5282,255.0866,192.4323,140.0183
2024-06-11,3.5436,3.6832,257.997,192.9312,140.4935
2024-06-12,3.5232,3.7723,259.3178,195.078,137.8683
2024-06-13,3.5346,3.8595,262.2857,194.4946,139.5114
2024-06-14,3.5028,3.8472,260.4509,196.6539,138.0744
2024-06-17,3.4639,3.7938,258.1813,196.1212,140.4728
2024-06-18,3.4423,3.8903,262.7808,199.1984,140.1268
2024-06-19,3.3338,3.9216,260.3518,197.1896,140.2485
2024-06-20,3.1456,3.7626,256.4801,193.6787,139.6594
2024-06-21,3.1272,3.7684,257.2632,192.0183,140.5939
2024-06-24,2.9454,3.7067,256.2395,194.3955,140.493
2024-06-25,2.9531,3.6237,253.9598,196.8178,140.906
2024-06-26,3.1926,3.7754,258.6469,194.2362,144.2152
2024-06-27,3.1748,3.712,263.0143,196.9174,145.2754
2024-06-28,3.0481,3.7657,262.4355,196.3539,145.8379
2024-07-01,3.0722,3.8125,266.3399,201.8758,145.5524
2024-07-02,3.2245,3.8643,263.4843,199.9963,146.7319
2024-07-03,3.2892,3.8269,264.1852,199.7527,147.3588
2024-07-04,3.2866,3.9366,267.2761,200.609,148.7277
2024-07-05,3.2094,3.7975,267.2595,202.0779,145.4978
2024-07-08,3.1227,3.7738,262.2762,201.5005,145.9274
2024-07-09,3.0936,3.7202,260.9937,204.6969,143.3687
2024-07-10,3.0873,3.7928,261.996,205.0594,143.7692
2024-07-11,3.0694,3.7879,260.5509,205.8842,143.7053
2024-07-12,3.0307,3.8265,259.9674,199.8273,144.5127
2024-07-15,2.8314,3.7105,254.2211,198.0931,143.4291
2024-07-16,2.9262,3.8224,256.7582,201.0033,141.8973
2024-07-17,2.9107,3.7464,256.3089,200.5233,141.4829
2024-07-18,2.7382,3.6864,253.0345,204.0528,139.901
2024-07-19,2.6758,3.5583,249.8452,203.4299,138.6884
2024-07-22,2.5205,3.4658,251.3075,207.9089,138.4079
2024-07-23,2.6597,3.4858,253.3369,206.0355,139.6296
2024-07-24,2.7333,3.541,254.083,203.6486,140.303
2024-07-25,2.6906,3.5871,252.6123,202.7878,139.1579
2024-07-26,2.768,3.6669,253.1995,201.3187,139.4243
2024-07-29,2.8596,3.6612,258.1621,204.186,137.5362
2024-07-30,2.8081,3.6929,261.3616,206.929,138.4534
2024-07-31,2.5805,3.4575,255.959,206.4987,139.4689
2024-08-01,2.6653,3.5954,259.4451,207.562,140.4827
2024-08-02,2.6381,3.4787,259.4643,208.217,139.6975
2024-08-05,2.6427,3.4104,263.4098,211.6543,137.9939
2024-08-06,2.6616,3.3631,263.449,214.2616,138.4254
2024-08-07,2.6065,3.2813,264.4171,212.5517,137.3093
2024-08-08,2.5973,3.3893,263.0231,210.1975,137.0762
2024-08-09,2.7129,3.3632,260.3228,206.3938,137.7845
2024-08-12,2.5501,3.2874,260.2952,204.9216,137.3821
2024-08-13,2.5105,3.2135,260.467,205.8476,138.2958
2024-08-14,2.6121,3.1853,258.6309,203.8129,137.8839
2024-08-15,2.7229,3.3157,259.4757,204.1465,141.9502
2024-08-16,2.6979,3.3488,258.9596,205.8331,141.6264
2024-08-19,2.7621,3.2626,256.558,207.34,140.3261
2024-08-20,2.7708,3.2554,257.035,207.5117,139.5224
2024-08-21,2.9125,3.4194,260.1901,210.9047,141.7111
2024-08-22,2.8459,3.4209,262.9596,213.3242,141.3383
2024-08-23,2.9416,3.5437,269.2286,215.2445,139.6216
2024-08-26,2.8686,3.5042,268.0352,215.6553,137.5226
2024-08-27,2.8798,3.3971,266.8506,216.2853,137.8965
2024-08-28,2.7905,3.2041,264.3347,218.7512,137.4309
2024-08-29,2.8122,3.2807,267.4716,218.8389,137.1753
2024-08-30,2.8627,3.4096,268.7806,220.2068,138.0672
2024-09-02,2.8592,3.4561,266.685,219.0045,139.2777
2024-09-03,2.6934,3.3911,263.7969,222.0309,136.888
2024-09-04,2.5992,3.3452,261.6064,224.9146,136.871
2024-09-05,2.6678,3.3185,262.0976,223.501,137.4361
2024-09-06,2.558,3.2239,263.4952,224.5469,137.1222
2024-09-09,2.503,3.0937,264.9539,223.3573,139.6971
2024-09-10,2.4871,2.9929,259.0624,223.9351,139.199
2024-09-11,2.3948,3.022,259.1287,223.2242,140.3543
2024-09-12,2.439,3.0991,260.3188,223.4913,141.6284
2024-09-13,2.3276,3.0657,258.7502,219.5077,139.5917
2024-09-16,2.4105,3.113,257.9869,219.2475,139.8242
2024-09-17,2.4696,3.3264,261.6823,225.8395,138.591
2024-09-18,2.4499,3.2193,261.3533,227.877,137.7435
2024-09-19,2.4828,3.3636,266.6234,230.9035,137.808
2024-09-20,2.2668,3.3372,264.5068,236.51,135.6144
2024-09-23,2.1579,3.2307,261.8548,241.9831,134.3781
2024-09-24,2.2952,3.1936,262.3196,247.6509,130.9609
2024-09-25,2.218,3.218,263.4754,252.1822,130.8273
2024-09-26,2.0898,3.0932,258.6795,249.9729,131.1936
2024-09-27,2.0611,3.1836,261.8991,254.3106,130.2342
2024-09-30,2.1753,3.1649,261.1838,253.091,130.2187
2024-10-01,2.2974,3.0969,260.6346,253.7977,131.7698
2024-10-02,2.3975,3.0228,262.1835,249.5574,133.1944
2024-10-03,2.314,2.9465,260.9201,250.8664,134.0035
2024-10-04,2.3532,2.8131,260.9629,255.1039,134.5547
2024-10-07,2.4275,2.8398,263.7228,262.606,134.1125
2024-10-08,2.5367,2.8023,263.2262,260.9573,136.524
2024-10-09,2.5776,2.8036,264.6831,264.7015,134.3512
2024-10-10,2.6706,2.8726,269.613,260.6728,137.3305
2024-10-11,2.6352,2.892,273.8674,267.1093,136.3861
2024-10-14,2.6907,2.8871,271.3901,264.5751,135.1614
2024-10-15,2.7603,3.039,268.7838,261.7352,134.5356
2024-10-16,2.6632,3.109,268.8944,261.2305,131.1724
2024-10-17,2.7026,3.1974,267.8272,262.1249,131.127
2024-10-18,2.7298,3.1414,268.8479,265.8507,131.33
2024-10-21,2.7868,3.154,270.5683,267.4006,132.1389
2024-10-22,2.951,3.1013,268.8808,265.1111,132.0237
2024-10-23,2.9343,3.1415,270.4575,269.1018,130.2028
2024-10-24,2.9679,3.3037,273.8346,271.8641,132.8426
2024-10-25,2.9551,3.3966,273.4377,271.1394,132.9789
2024-10-28,2.7907,3.4462,271.4072,271.866,133.6098
2024-10-29,2.7993,3.3748,272.7862,277.2199,134.3184
2024-10-30,2.8477,3.3101,269.358,275.0211,134.7724
2024-10-31,2.6537,3.2676,268.1389,282.5028,133.8688
2024-11-01,2.6473,3.2527,267.8002,285.1906,134.3579
2024-11-04,2.6624,3.2548,268.57,282.2593,136.1746
2024-11-05,2.5314,3.2365,266.6792,281.2801,133.8065
2024-11-06,2.5177,3.2945,266.8633,282.8667,131.8879
2024-11-07,2.5533,3.3941,268.7517,284.7135,130.112
2024-11-08,2.4458,3.4166,267.2289,281.9944,127.8609
2024-11-11,2.4059,3.481,265.8026,282.144,128.1016
2024-11-12,2.3452,3.5027,261.3698,284.1101,125.9299
2024-11-13,2.378,3.5377,262.2334,278.7712,125.3829
2024-11-14,2.1815,3.4474,260.0128,282.9092,123.335
2024-11-15,2.1793,3.386,259.3979,280.952,122.4985
2024-11-18,2.1036,3.2124,258.1654,284.3911,122.8191
2024-11-19,2.1006,3.2995,263.9115,293.2569,123.0121
2024-11-20,2.2031,3.2412,264.471,292.4018,123.269
2024-11-21,2.1965,3.2515,266.7199,293.187,121.7014
2024-11-22,2.2701,3.3674,274.2184,295.6511,120.2655
2024-11-25,2.3672,3.3155,273.6155,293.2261,121.5589
2024-11-26,2.4784,3.3116,270.4051,293.4399,123.0007
2024-11-27,2.4883,3.2194,270.6646,294.3039,123.2569
2024-11-28,2.4956,3.2303,269.5262,294.9951,124.5599
2024-11-29,2.6634,3.0858,268.394,286.1703,125.9312
2024-12-02,2.7739,3.1466,272.4184,287.3775,128.0555
2024-12-03,2.7418,3.1893,271.4908,289.0129,126.1508
2024-12-04,2.7609,3.2207,271.2886,291.5167,125.6933
2024-12-05,2.7387,3.3503,270.7882,287.9299,126.3587
2024-12-06,2.7282,3.4465,269.6295,288.4422,127.0176
2024-12-09,2.4646,3.318,268.3659,295.6341,125.1773
2024-12-10,2.56,3.3744,269.683,304.249,123.4637
2024-12-11,2.559,3.3259,267.0051,306.1986,122.7233
2024-12-12,2.4186,3.2558,267.4616,305.6519,123.3972
2024-12-13,2.4072,3.131,270.0038,305.3409,124.5998
2024-12-16,2.4445,3.1766,272.1499,302.4278,124.6691
2024-12-17,2.4032,3.202,272.7225,303.6926,127.0676
2024-12-18,2.4365,3.1837,271.7748,310.5383,126.6204
2024-12-19,2.4199,3.201,272.8163,310.3983,126.8837
2024-12-20,2.3555,3.1209,272.752,305.1854,126.3082
2024-12-23,2.3841,3.0858,272.1635,305.8336,123.6005
2024-12-24,2.2446,3.0639,268.7597,308.7515,122.2271
2024-12-25,2.4196,3.0435,267.08,307.609,122.0339
2024-12-26,2.5311,3.1654,271.856,303.7077,122.47
2024-12-27,2.5221,3.1026,273.8614,309.4151,122.2652
2024-12-30,2.4405,3.0804,275.7916,307.579,121.7915
2024-12-31,2.4983,3.1608,275.5075,308.7446,121.9843
