,equity
2006-07-31,1.0
2006-08-31,1.512472784952219
2006-09-30,1.615403473301321
2006-10-31,1.7333561282607108
2006-11-30,1.8485920761142085
2006-12-31,1.953674770552085
2007-01-31,1.9125741876252909
2007-02-28,1.7591709885390123
2007-03-31,1.7155548814977029
2007-04-30,1.9245178885592749
2007-05-31,2.120000263678399
2007-06-30,3.29274353705345
2007-07-31,3.5462110738012624
2007-08-31,3.5084749737363334
2007-09-30,4.097899709569389
2007-10-31,5.302796815199918
2007-11-30,5.655595072117055
2007-12-31,6.181263798241283
2008-01-31,4.9473599090853195
2008-02-29,4.995614445668994
2008-03-31,4.358484718030983
2008-04-30,4.8097955928621365
2008-05-31,4.552318903327548
2008-06-30,3.7375863013852624
2008-07-31,3.890287911709819
2008-08-31,3.883312268576041
2008-09-30,3.5724189248961493
2008-10-31,2.819538527174515
2008-11-30,2.816333497032085
2008-12-31,3.1582862880873046
2009-01-31,2.8862607203383823
2009-02-28,2.8471842673955137
2009-03-31,2.959631093452976
2009-04-30,3.218488299921035
2009-05-31,3.9700620726755678
2009-06-30,4.044632764068112
2009-07-31,4.6008864248975
2009-08-31,4.4777195673196
2009-09-30,4.887466092028386
2009-10-31,5.047606060735948
2009-11-30,5.7611429674065056
2009-12-31,6.096496600543219
2010-01-31,6.086018586124625
2010-02-28,6.274630769156771
2010-03-31,7.154969369616392
2010-04-30,7.502926755157755
2010-05-31,7.31970541415017
2010-06-30,7.553029536301616
2010-07-31,8.038113063635574
2010-08-31,8.445993821960942
2010-09-30,8.970623903723125
2010-10-31,9.535793412829191
2010-11-30,9.683340999747774
2010-12-31,9.333507557378102
2011-01-31,8.643291389877604
2011-02-28,8.330255981968799
2011-03-31,8.998943298957146
2011-04-30,9.006678997354797
2011-05-31,8.9086242750673
2011-06-30,8.937947061843907
2011-07-31,9.171182345248138
2011-08-31,8.783106097513654
2011-09-30,8.484939270062377
2011-10-31,8.75194597070822
2011-11-30,8.22493153158476
2011-12-31,8.165127707914316
2012-01-31,8.412985287435827
2012-02-29,8.963062907297775
2012-03-31,9.439743151699279
2012-04-30,9.481786302289825
2012-05-31,9.183881005868155
2012-06-30,9.814219732501638
2012-07-31,10.193899571069649
2012-08-31,10.403555646289782
2012-09-30,10.911144697311126
2012-10-31,11.174825464497088
2012-11-30,12.363674383624662
2012-12-31,12.573436465376318
2013-01-31,12.454419581705015
2013-02-28,12.328621024492879
2013-03-31,11.991146391872842
2013-04-30,12.076751480013517
2013-05-31,12.241386016296467
2013-06-30,11.242865326335401
2013-07-31,11.000857910912778
2013-08-31,10.289461042100783
2013-09-30,11.16574363612657
2013-10-31,11.988762369889024
2013-11-30,11.983453685678004
2013-12-31,12.421510904995403
2014-01-31,12.319011430790693
2014-02-28,13.000272321302408
2014-03-31,13.86426589108545
2014-04-30,13.966147530933991
2014-05-31,15.388594436817726
2014-06-30,17.431936285206934
2014-07-31,16.525920152215363
2014-08-31,16.819023058545817
2014-09-30,17.7321120854265
2014-10-31,18.48098201495718
2014-11-30,18.781539296257165
2014-12-31,19.56427713931856
2015-01-31,21.132361875535786
2015-02-28,21.88077866063692
2015-03-31,22.123510476823018
2015-04-30,21.376208891650528
2015-05-31,21.99803571274236
2015-06-30,22.54753594584651
2015-07-31,23.907260387248037
2015-08-31,22.70469708650667
2015-09-30,22.677149843512243
2015-10-31,22.72100842970533
2015-11-30,21.4014901321948
2015-12-31,21.031489797915636
2016-01-31,19.68510885751799
2016-02-29,18.372440016548023
2016-03-31,19.76722006812908
2016-04-30,20.557545295572055
2016-05-31,20.86432458615435
2016-06-30,22.40309031243932
2016-07-31,23.796973063973336
2016-08-31,24.539741184423633
2016-09-30,24.694001263547225
2016-10-31,26.354320813163987
2016-11-30,25.319130504438007
2016-12-31,24.122266349319215
2017-01-31,26.550678880003492
2017-02-28,27.745004336509826
2017-03-31,28.87075324537055
2017-04-30,31.04182229545688
2017-05-31,31.61774637457687
2017-06-30,30.834814307187422
2017-07-31,32.69026514466258
2017-08-31,32.21589168439371
2017-09-30,32.31311033302657
2017-10-31,36.24132443856809
2017-11-30,35.6708899982621
2017-12-31,38.92079993277099
2018-01-31,38.636986834340036
2018-02-28,37.3435062998245
2018-03-31,35.394144615452916
2018-04-30,38.885049391913064
2018-05-31,38.33826198285813
2018-06-30,37.43829797686769
2018-07-31,38.29700014383757
2018-08-31,40.72383345652512
2018-09-30,36.196324306587776
2018-10-31,35.36429471795724
2018-11-30,37.78637723642136
2018-12-31,37.895262791201326
2019-01-31,36.849505738672754
2019-02-28,37.54805624355537
2019-03-31,39.16804635453967
2019-04-30,38.678473374253656
2019-05-31,40.26383323542717
2019-06-30,41.333239969241646
2019-07-31,39.04477150947908
2019-08-31,39.07665642913238
2019-09-30,41.0682197489527
2019-10-31,46.22530448247115
2019-11-30,48.60112055066063
2019-12-31,50.024977516196365
2020-01-31,51.83508220731786
2020-02-29,48.91516670989735
2020-03-31,40.165697990126496
2020-04-30,48.05589315714212
2020-05-31,48.30918110404295
2020-06-30,51.58914177179078
2020-07-31,53.945684589149685
2020-08-31,57.41946290129314
2020-09-30,60.674626822805294
2020-10-31,63.72795267188996
2020-11-30,72.55405655248772
2020-12-31,76.108860559485
2021-01-31,72.47420100276838
2021-02-28,83.6714086733613
2021-03-31,87.4883439958606
2021-04-30,92.6168896105032
2021-05-31,101.94518132416853
2021-06-30,100.64469423257896
2021-07-31,96.21473864762807
2021-08-31,106.40422094803641
2021-09-30,114.38770371651468
2021-10-31,125.81722617774507
2021-11-30,125.47945245388216
2021-12-31,130.51028895860867
2022-01-31,128.1066355346496
2022-02-28,127.0240582821546
2022-03-31,144.4295310773801
2022-04-30,163.6511383145588
2022-05-31,151.7427978079901
2022-06-30,149.37424067745636
2022-07-31,169.35779192308576
2022-08-31,196.20274573820453
2022-09-30,196.59658030363533
2022-10-31,204.94020038863275
2022-11-30,216.14130106062143
2022-12-31,212.43608151448385
2023-01-31,195.82799588736134
2023-02-28,188.7068191648724
2023-03-31,191.30041581096148
2023-04-30,204.357092169195
2023-05-31,224.74880608834533
2023-06-30,252.5180938263013
2023-07-31,290.0562787617738
2023-08-31,307.8229957274291
2023-09-30,360.2580099152747
2023-10-31,343.38839124103714
2023-11-30,386.7715513999898
2023-12-31,441.0617675031769
2024-01-31,507.27542733706275
2024-02-29,503.4921361883744
2024-03-31,497.41737726968444
2024-04-30,555.6465124323327
2024-05-31,623.5917179882075
2024-06-30,648.2832336141445
2024-07-31,696.9920477961552
2024-08-31,645.3051442673775
2024-09-30,638.2814522364588
2024-10-31,574.3524772070842
2024-11-30,576.2775836418093
2024-12-31,550.7620069881062
2025-01-31,512.1278751231994
2025-02-28,460.1430272549977
2025-03-31,526.1126087562991
2025-04-30,535.1420642384542
2025-05-31,566.9045313600146
2025-06-30,590.2065542654669
2025-07-31,566.350062088072
2025-08-31,558.8005433938845
2025-09-30,561.446763991233
2025-10-31,577.5510104950731
2025-11-30,587.6226690592597
2025-12-31,601.621036551605
2026-01-31,604.7294948894342
2026-02-28,639.7131294565324
2026-03-31,528.8879021521595
2026-04-30,556.5880894691949
2026-05-31,597.8920630267047
2026-06-30,573.2944356786759
2026-07-31,567.6983785061975
