,0,1,2,3,4,5,6,7,8,9
2006-07-31,PIDILITIND,SHREECEM,CGPOWER,SIEMENS,INDHOTEL,BAJAJHLDNG,ABB,AMBUJACEM,UNITDSPR,GODREJCP
2006-08-31,CGPOWER,PIDILITIND,SIEMENS,SHREECEM,BAJAJHLDNG,ABB,AMBUJACEM,INDHOTEL,GODREJCP,UNITDSPR
2006-09-30,CGPOWER,SHREECEM,SIEMENS,INDHOTEL,BAJAJHLDNG,ABB,GODREJCP,CUMMINSIND,AMBUJACEM,DIVISLAB
2006-10-31,CGPOWER,SHREECEM,SIEMENS,ABB,DIVISLAB,CUMMINSIND,INDHOTEL,AMBUJACEM,UNITDSPR,BAJAJHLDNG
2006-11-30,HINDZINC,CGPOWER,SHREECEM,DIVISLAB,AMBUJACEM,ABB,UNITDSPR,SIEMENS,PIDILITIND,CUMMINSIND
2006-12-31,HINDZINC,CGPOWER,SHREECEM,DIVISLAB,ABB,AMBUJACEM,CUMMINSIND,UNITDSPR,SIEMENS,INDHOTEL
2007-01-31,HINDZINC,CGPOWER,SHREECEM,DIVISLAB,VEDL,UNITDSPR,AMBUJACEM,CUMMINSIND,JINDALSTEL,ABB
2007-02-28,HINDZINC,CGPOWER,SHREECEM,DIVISLAB,VEDL,JINDALSTEL,ABB,AMBUJACEM,MOTHERSON,UNITDSPR
2007-03-31,HINDZINC,CGPOWER,DIVISLAB,VEDL,JINDALSTEL,ABB,CUMMINSIND,BOSCHLTD,PIDILITIND,INDHOTEL
2007-04-30,HINDZINC,CGPOWER,DIVISLAB,JINDALSTEL,VEDL,CUMMINSIND,ABB,BOSCHLTD,PNB,BANKBARODA
2007-05-31,HINDZINC,CGPOWER,DIVISLAB,UNITDSPR,ABB,JINDALSTEL,CUMMINSIND,SHREECEM,BOSCHLTD,VEDL
2007-06-30,HINDZINC,CGPOWER,ABB,DIVISLAB,UNITDSPR,JINDALSTEL,CUMMINSIND,BOSCHLTD,PNB,SHREECEM
2007-07-31,HINDZINC,CGPOWER,ABB,DIVISLAB,JINDALSTEL,UNITDSPR,CUMMINSIND,VEDL,BOSCHLTD,MOTHERSON
2007-08-31,HINDZINC,ABB,DIVISLAB,CGPOWER,JINDALSTEL,UNITDSPR,VEDL,CUMMINSIND,MOTHERSON,PIDILITIND
2007-09-30,HINDZINC,ABB,JINDALSTEL,UNITDSPR,DIVISLAB,CGPOWER,VEDL,CUMMINSIND,MOTHERSON,PIDILITIND
2007-10-31,HINDZINC,ABB,JINDALSTEL,CGPOWER,VEDL,DIVISLAB,UNITDSPR,TATAPOWER,PIDILITIND,SOLARINDS
2007-11-30,ABB,JINDALSTEL,SOLARINDS,CGPOWER,VEDL,DIVISLAB,UNITDSPR,TATAPOWER,GAIL,SIEMENS
2007-12-31,ABB,JINDALSTEL,SOLARINDS,DIVISLAB,VEDL,CHOLAFIN,TATAPOWER,UNITDSPR,GAIL,BANKBARODA
2008-01-31,ABB,JINDALSTEL,SOLARINDS,DIVISLAB,TATAPOWER,CHOLAFIN,UNITDSPR,UNIONBANK,CGPOWER,VEDL
2008-02-29,ABB,JINDALSTEL,SOLARINDS,TATAPOWER,DIVISLAB,UNITDSPR,CHOLAFIN,VEDL,UNIONBANK,PFC
2008-03-31,ABB,JINDALSTEL,SOLARINDS,TATAPOWER,DIVISLAB,VEDL,UNITDSPR,CHOLAFIN,GAIL,PFC
2008-04-30,ABB,JINDALSTEL,SOLARINDS,VEDL,TATAPOWER,DIVISLAB,UNITDSPR,CHOLAFIN,UNIONBANK,GAIL
2008-05-31,ABB,JINDALSTEL,SOLARINDS,VEDL,TATAPOWER,DIVISLAB,UNITDSPR,GAIL,CHOLAFIN,PIDILITIND
2008-06-30,JINDALSTEL,SOLARINDS,VEDL,TATAPOWER,DIVISLAB,GAIL,PIDILITIND,MOTHERSON,UNITDSPR,GODREJCP
2008-07-31,JINDALSTEL,SOLARINDS,VEDL,TATAPOWER,GAIL,BPCL,DIVISLAB,IOC,PIDILITIND,UNITDSPR
2008-08-31,JINDALSTEL,SOLARINDS,VEDL,TATAPOWER,GAIL,DIVISLAB,BANKBARODA,UNIONBANK,ZYDUSLIFE,IOC
2008-09-30,SOLARINDS,JINDALSTEL,GAIL,DIVISLAB,TATAPOWER,BPCL,ZYDUSLIFE,VEDL,BANKBARODA,BRITANNIA
2008-10-31,SOLARINDS,BPCL,GODREJCP,ZYDUSLIFE,PNB,GAIL,BOSCHLTD,BRITANNIA,TORNTPHARM,UNIONBANK
2008-11-30,GODREJCP,BPCL,UNIONBANK,ZYDUSLIFE,IOC,DIVISLAB,PNB,BRITANNIA,GAIL,BANKBARODA
2008-12-31,GODREJCP,ZYDUSLIFE,BRITANNIA,UNIONBANK,PNB,BPCL,DIVISLAB,TORNTPHARM,BANKBARODA,SOLARINDS
2009-01-31,GODREJCP,ZYDUSLIFE,BPCL,BRITANNIA,IOC,TORNTPHARM,BOSCHLTD,UNIONBANK,PFC,GAIL
2009-02-28,ZYDUSLIFE,GODREJCP,BRITANNIA,TORNTPHARM,BPCL,PFC,IOC,BOSCHLTD,GAIL,UNIONBANK
2009-03-31,ZYDUSLIFE,GODREJCP,UNIONBANK,BRITANNIA,TORNTPHARM,RECLTD,BPCL,PFC,GAIL,IOC
2009-04-30,BRITANNIA,ZYDUSLIFE,GODREJCP,UNIONBANK,BANKBARODA,PFC,IOC,BPCL,TORNTPHARM,GAIL
2009-05-31,BANKBARODA,UNIONBANK,RECLTD,IOC,PFC,GODREJCP,PNB,CANBK,SHREECEM,BPCL
2009-06-30,BANKBARODA,UNIONBANK,RECLTD,SHREECEM,PFC,BPCL,PNB,TVSMOTOR,IOC,CANBK
2009-07-31,SHREECEM,RECLTD,TVSMOTOR,GODREJCP,UNIONBANK,PFC,BANKBARODA,ZYDUSLIFE,CANBK,PNB
2009-08-31,RECLTD,SHREECEM,GODREJCP,PFC,BPCL,JINDALSTEL,BANKBARODA,ZYDUSLIFE,UNIONBANK,TVSMOTOR
2009-09-30,SHREECEM,JINDALSTEL,RECLTD,GODREJCP,VEDL,TVSMOTOR,TORNTPHARM,HINDZINC,PFC,ZYDUSLIFE
2009-10-31,JINDALSTEL,SHREECEM,VEDL,RECLTD,HINDZINC,GODREJCP,CGPOWER,TORNTPHARM,ZYDUSLIFE,PFC
2009-11-30,JINDALSTEL,SHREECEM,VEDL,RECLTD,HINDZINC,CGPOWER,TORNTPHARM,ZYDUSLIFE,MOTHERSON,TVSMOTOR
2009-12-31,VEDL,JINDALSTEL,SHREECEM,HINDZINC,RECLTD,CGPOWER,TORNTPHARM,TVSMOTOR,BAJAJHLDNG,ZYDUSLIFE
2010-01-31,TVSMOTOR,VEDL,SHREECEM,JINDALSTEL,TORNTPHARM,CGPOWER,HINDZINC,SIEMENS,RECLTD,ZYDUSLIFE
2010-02-28,VEDL,SHREECEM,TVSMOTOR,JINDALSTEL,HINDZINC,CGPOWER,TORNTPHARM,CHOLAFIN,SIEMENS,RECLTD
2010-03-31,VEDL,TORNTPHARM,CGPOWER,TVSMOTOR,CHOLAFIN,JINDALSTEL,SHREECEM,ZYDUSLIFE,CUMMINSIND,SIEMENS
2010-04-30,VEDL,TORNTPHARM,CHOLAFIN,TVSMOTOR,SHREECEM,CUMMINSIND,CGPOWER,ZYDUSLIFE,JINDALSTEL,PIDILITIND
2010-05-31,TORNTPHARM,ZYDUSLIFE,TVSMOTOR,VEDL,CHOLAFIN,CUMMINSIND,RECLTD,SHREECEM,BAJAJHLDNG,JINDALSTEL
2010-06-30,TORNTPHARM,TVSMOTOR,ZYDUSLIFE,PIDILITIND,CUMMINSIND,GODREJCP,CHOLAFIN,MOTHERSON,BAJAJHLDNG,VEDL
2010-07-31,TORNTPHARM,CHOLAFIN,TVSMOTOR,CUMMINSIND,MOTHERSON,ZYDUSLIFE,PIDILITIND,BANKBARODA,CANBK,CGPOWER
2010-08-31,TVSMOTOR,CHOLAFIN,CUMMINSIND,MOTHERSON,TORNTPHARM,ZYDUSLIFE,CANBK,PIDILITIND,BANKBARODA,PNB
2010-09-30,CHOLAFIN,TVSMOTOR,CUMMINSIND,PIDILITIND,ZYDUSLIFE,CANBK,BANKBARODA,TORNTPHARM,CGPOWER,RECLTD
2010-10-31,CHOLAFIN,TVSMOTOR,CUMMINSIND,CANBK,BANKBARODA,RECLTD,BAJAJHLDNG,ZYDUSLIFE,PIDILITIND,TORNTPHARM
2010-11-30,CHOLAFIN,TVSMOTOR,CUMMINSIND,ZYDUSLIFE,CANBK,BANKBARODA,SOLARINDS,BAJAJHLDNG,PIDILITIND,AMBUJACEM
2010-12-31,CHOLAFIN,TVSMOTOR,CUMMINSIND,ZYDUSLIFE,BANKBARODA,CANBK,PIDILITIND,GODREJCP,TORNTPHARM,BAJAJHLDNG
2011-01-31,CHOLAFIN,ZYDUSLIFE,CUMMINSIND,GODREJCP,CANBK,BANKBARODA,TVSMOTOR,PIDILITIND,SIEMENS,SOLARINDS
2011-02-28,CHOLAFIN,CANBK,MOTHERSON,BANKBARODA,GODREJCP,TVSMOTOR,ZYDUSLIFE,CUMMINSIND,PIDILITIND,BAJAJHLDNG
2011-03-31,CHOLAFIN,MOTHERSON,CANBK,BANKBARODA,TVSMOTOR,ZYDUSLIFE,GODREJCP,BOSCHLTD,CUMMINSIND,BAJAJHLDNG
2011-04-30,MOTHERSON,ZYDUSLIFE,CANBK,SOLARINDS,BOSCHLTD,PIDILITIND,BANKBARODA,AMBUJACEM,GODREJCP,CHOLAFIN
2011-05-31,MOTHERSON,SOLARINDS,ZYDUSLIFE,BOSCHLTD,HINDZINC,PIDILITIND,CANBK,GODREJCP,AMBUJACEM,SIEMENS
2011-06-30,MOTHERSON,SOLARINDS,HINDZINC,ZYDUSLIFE,BRITANNIA,BOSCHLTD,PIDILITIND,BANKBARODA,GODREJCP,SIEMENS
2011-07-31,SOLARINDS,HINDZINC,ZYDUSLIFE,MOTHERSON,SIEMENS,GODREJCP,BOSCHLTD,PIDILITIND,BRITANNIA,BANKBARODA
2011-08-31,SOLARINDS,ZYDUSLIFE,SIEMENS,HINDZINC,BOSCHLTD,BRITANNIA,GODREJCP,PIDILITIND,TORNTPHARM,AMBUJACEM
2011-09-30,SOLARINDS,ZYDUSLIFE,BOSCHLTD,HINDZINC,BRITANNIA,AMBUJACEM,DIVISLAB,PIDILITIND,SIEMENS,GODREJCP
2011-10-31,SOLARINDS,BRITANNIA,AMBUJACEM,BOSCHLTD,DIVISLAB,PIDILITIND,ZYDUSLIFE,TORNTPHARM,SIEMENS,GODREJCP
2011-11-30,DIVISLAB,BRITANNIA,SOLARINDS,BOSCHLTD,AMBUJACEM,HINDZINC,PIDILITIND,SHREECEM,TORNTPHARM,GODREJCP
2011-12-31,SOLARINDS,DIVISLAB,AMBUJACEM,BRITANNIA,BOSCHLTD,SHREECEM,GODREJCP,PIDILITIND,TORNTPHARM,ZYDUSLIFE
2012-01-31,SOLARINDS,SHREECEM,AMBUJACEM,DIVISLAB,BOSCHLTD,BRITANNIA,GODREJCP,ABB,HINDZINC,PIDILITIND
2012-02-29,SHREECEM,BRITANNIA,SOLARINDS,AMBUJACEM,BOSCHLTD,GODREJCP,DIVISLAB,BPCL,ABB,HINDZINC
2012-03-31,BRITANNIA,SHREECEM,SOLARINDS,GODREJCP,BOSCHLTD,PIDILITIND,AMBUJACEM,BPCL,DIVISLAB,TORNTPHARM
2012-04-30,BRITANNIA,SOLARINDS,GODREJCP,SHREECEM,BOSCHLTD,DIVISLAB,PIDILITIND,TORNTPHARM,CHOLAFIN,BAJAJHLDNG
2012-05-31,GODREJCP,SOLARINDS,SHREECEM,BRITANNIA,BOSCHLTD,DIVISLAB,BPCL,PIDILITIND,AMBUJACEM,CHOLAFIN
2012-06-30,SHREECEM,SOLARINDS,GODREJCP,BOSCHLTD,AMBUJACEM,DIVISLAB,BPCL,BRITANNIA,CHOLAFIN,BAJAJHLDNG
2012-07-31,SHREECEM,GODREJCP,AMBUJACEM,SOLARINDS,DIVISLAB,CHOLAFIN,BOSCHLTD,BPCL,TORNTPHARM,BAJAJHLDNG
2012-08-31,SHREECEM,GODREJCP,DIVISLAB,AMBUJACEM,CHOLAFIN,SOLARINDS,TORNTPHARM,BOSCHLTD,PIDILITIND,PFC
2012-09-30,SHREECEM,GODREJCP,UNITDSPR,CHOLAFIN,DIVISLAB,AMBUJACEM,MOTHERSON,TORNTPHARM,SOLARINDS,RECLTD
2012-10-31,SHREECEM,GODREJCP,DIVISLAB,CHOLAFIN,UNITDSPR,AMBUJACEM,MOTHERSON,BOSCHLTD,PFC,CUMMINSIND
2012-11-30,UNITDSPR,SHREECEM,CHOLAFIN,GODREJCP,MOTHERSON,DIVISLAB,AMBUJACEM,PIDILITIND,CUMMINSIND,SOLARINDS
2012-12-31,UNITDSPR,CHOLAFIN,MOTHERSON,SHREECEM,GODREJCP,UNIONBANK,RECLTD,PIDILITIND,PFC,CUMMINSIND
2013-01-31,UNITDSPR,SHREECEM,CHOLAFIN,MOTHERSON,PIDILITIND,GODREJCP,BAJAJHLDNG,BPCL,DIVISLAB,SOLARINDS
2013-02-28,UNITDSPR,CHOLAFIN,GODREJCP,MOTHERSON,PIDILITIND,SHREECEM,DIVISLAB,MUTHOOTFIN,TORNTPHARM,DLF
2013-03-31,UNITDSPR,GODREJCP,MOTHERSON,PIDILITIND,MUTHOOTFIN,CHOLAFIN,DIVISLAB,SHREECEM,SOLARINDS,DLF
2013-04-30,UNITDSPR,MOTHERSON,SHREECEM,GODREJCP,CHOLAFIN,PIDILITIND,DLF,DIVISLAB,AMBUJACEM,BPCL
2013-05-31,UNITDSPR,SHREECEM,MOTHERSON,PIDILITIND,CHOLAFIN,GODREJCP,RECLTD,BRITANNIA,TORNTPHARM,PFC
2013-06-30,UNITDSPR,MOTHERSON,PIDILITIND,SHREECEM,GODREJCP,CHOLAFIN,TORNTPHARM,BRITANNIA,AMBUJACEM,RECLTD
2013-07-31,UNITDSPR,MOTHERSON,PIDILITIND,BRITANNIA,SHREECEM,TORNTPHARM,GODREJCP,BAJAJHLDNG,CHOLAFIN,CUMMINSIND
2013-08-31,UNITDSPR,MOTHERSON,BRITANNIA,PIDILITIND,TORNTPHARM,GODREJCP,VEDL,BAJAJHLDNG,SHREECEM,CHOLAFIN
2013-09-30,UNITDSPR,BRITANNIA,MOTHERSON,TORNTPHARM,GODREJCP,PIDILITIND,SHREECEM,VEDL,CHOLAFIN,BOSCHLTD
2013-10-31,UNITDSPR,BRITANNIA,MOTHERSON,PIDILITIND,TORNTPHARM,TVSMOTOR,GODREJCP,VEDL,BPCL,SHREECEM
2013-11-30,BRITANNIA,MOTHERSON,TVSMOTOR,TORNTPHARM,PIDILITIND,UNITDSPR,GODREJCP,CGPOWER,BAJAJHLDNG,CHOLAFIN
2013-12-31,TVSMOTOR,BRITANNIA,MOTHERSON,UNITDSPR,TORNTPHARM,PIDILITIND,GODREJCP,CGPOWER,DIVISLAB,BOSCHLTD
2014-01-31,BRITANNIA,TVSMOTOR,TORNTPHARM,MOTHERSON,UNITDSPR,DIVISLAB,PIDILITIND,CGPOWER,GAIL,GODREJCP
2014-02-28,TVSMOTOR,BRITANNIA,MOTHERSON,TORNTPHARM,CGPOWER,DIVISLAB,ZYDUSLIFE,INDHOTEL,UNITDSPR,ABB
2014-03-31,TVSMOTOR,MOTHERSON,CGPOWER,ABB,BRITANNIA,TORNTPHARM,SIEMENS,SHREECEM,DIVISLAB,UNITDSPR
2014-04-30,TVSMOTOR,MOTHERSON,CGPOWER,TORNTPHARM,ABB,BRITANNIA,MUTHOOTFIN,DIVISLAB,PIDILITIND,SIEMENS
2014-05-31,TVSMOTOR,MOTHERSON,CGPOWER,INDHOTEL,VEDL,PFC,SOLARINDS,TORNTPHARM,MUTHOOTFIN,RECLTD
2014-06-30,TVSMOTOR,MOTHERSON,CGPOWER,PFC,SOLARINDS,INDHOTEL,VEDL,MUTHOOTFIN,RECLTD,ABB
2014-07-31,TVSMOTOR,MOTHERSON,PFC,SOLARINDS,MUTHOOTFIN,CGPOWER,VEDL,INDHOTEL,ABB,RECLTD
2014-08-31,TVSMOTOR,MOTHERSON,BPCL,SOLARINDS,CGPOWER,PFC,PNB,SHREECEM,ABB,INDHOTEL
2014-09-30,TVSMOTOR,MOTHERSON,SOLARINDS,CGPOWER,MUTHOOTFIN,CHOLAFIN,ABB,SHREECEM,INDHOTEL,BPCL
2014-10-31,TVSMOTOR,SOLARINDS,MOTHERSON,PFC,ZYDUSLIFE,CHOLAFIN,INDHOTEL,BPCL,SHREECEM,MUTHOOTFIN
2014-11-30,TVSMOTOR,SOLARINDS,INDHOTEL,MOTHERSON,TORNTPHARM,BPCL,BOSCHLTD,ZYDUSLIFE,PFC,SHREECEM
2014-12-31,TVSMOTOR,SOLARINDS,MOTHERSON,TORNTPHARM,SHREECEM,INDHOTEL,BRITANNIA,ZYDUSLIFE,CHOLAFIN,BOSCHLTD
2015-01-31,TVSMOTOR,SOLARINDS,BOSCHLTD,SHREECEM,PFC,CHOLAFIN,MOTHERSON,ABB,BRITANNIA,BPCL
2015-02-28,SOLARINDS,TVSMOTOR,BOSCHLTD,CHOLAFIN,BRITANNIA,SHREECEM,SIEMENS,BPCL,MOTHERSON,ABB
2015-03-31,SOLARINDS,TVSMOTOR,BRITANNIA,BOSCHLTD,TORNTPHARM,CHOLAFIN,MOTHERSON,PIDILITIND,SHREECEM,SIEMENS
2015-04-30,SOLARINDS,BRITANNIA,TVSMOTOR,BOSCHLTD,TORNTPHARM,CHOLAFIN,MOTHERSON,SIEMENS,PIDILITIND,SHREECEM
2015-05-31,BRITANNIA,SOLARINDS,ZYDUSLIFE,TORNTPHARM,BOSCHLTD,CHOLAFIN,TVSMOTOR,PIDILITIND,BPCL,SHREECEM
2015-06-30,BRITANNIA,TORNTPHARM,SOLARINDS,PIDILITIND,ZYDUSLIFE,CHOLAFIN,MOTHERSON,BOSCHLTD,SHREECEM,TVSMOTOR
2015-07-31,BRITANNIA,TORNTPHARM,SOLARINDS,BOSCHLTD,ZYDUSLIFE,SIEMENS,CHOLAFIN,GODREJCP,BPCL,TVSMOTOR
2015-08-31,BRITANNIA,TORNTPHARM,SOLARINDS,CUMMINSIND,SIEMENS,ZYDUSLIFE,BOSCHLTD,DIVISLAB,CHOLAFIN,PIDILITIND
2015-09-30,BRITANNIA,TORNTPHARM,CUMMINSIND,SIEMENS,ZYDUSLIFE,SOLARINDS,PIDILITIND,SHREECEM,BPCL,CHOLAFIN
2015-10-31,BRITANNIA,TORNTPHARM,SIEMENS,ZYDUSLIFE,CUMMINSIND,BOSCHLTD,PIDILITIND,SOLARINDS,SHREECEM,GODREJCP
2015-11-30,BRITANNIA,CHOLAFIN,TORNTPHARM,SIEMENS,TVSMOTOR,DIVISLAB,GODREJCP,ZYDUSLIFE,SHREECEM,BPCL
2015-12-31,BRITANNIA,BPCL,CHOLAFIN,GODREJCP,DIVISLAB,SIEMENS,SOLARINDS,IOC,TORNTPHARM,SHREECEM
2016-01-31,BRITANNIA,DIVISLAB,TORNTPHARM,BPCL,IOC,CHOLAFIN,GODREJCP,BAJAJHLDNG,CUMMINSIND,SOLARINDS
2016-02-29,BRITANNIA,TORNTPHARM,IOC,DIVISLAB,CHOLAFIN,BPCL,PIDILITIND,GODREJCP,ZYDUSLIFE,BAJAJHLDNG
2016-03-31,GODREJCP,BRITANNIA,TVSMOTOR,CHOLAFIN,TORNTPHARM,BAJAJHLDNG,HINDZINC,BPCL,SHREECEM,DIVISLAB
2016-04-30,TVSMOTOR,CHOLAFIN,BPCL,BRITANNIA,GODREJCP,SHREECEM,DIVISLAB,IOC,TORNTPHARM,HINDZINC
2016-05-31,CHOLAFIN,GODREJCP,PIDILITIND,MUTHOOTFIN,DIVISLAB,BPCL,TVSMOTOR,IOC,BAJAJHLDNG,HINDZINC
2016-06-30,CHOLAFIN,MUTHOOTFIN,INDHOTEL,DLF,PIDILITIND,CGPOWER,GODREJCP,BPCL,SHREECEM,TVSMOTOR
2016-07-31,MUTHOOTFIN,CHOLAFIN,HINDZINC,DLF,ADANIENSOL,INDHOTEL,SHREECEM,BPCL,PIDILITIND,VEDL
2016-08-31,MUTHOOTFIN,HINDZINC,CHOLAFIN,VEDL,SHREECEM,INDHOTEL,TVSMOTOR,IOC,DLF,BPCL
2016-09-30,MUTHOOTFIN,VEDL,HINDZINC,CHOLAFIN,TVSMOTOR,INDHOTEL,IOC,BPCL,SHREECEM,ADANIENSOL
2016-10-31,MUTHOOTFIN,VEDL,CHOLAFIN,HINDZINC,IOC,BPCL,TVSMOTOR,GAIL,MOTHERSON,SHREECEM
2016-11-30,VEDL,HINDZINC,MUTHOOTFIN,CHOLAFIN,ADANIENSOL,IOC,BPCL,SHREECEM,PFC,RECLTD
2016-12-31,VEDL,HINDZINC,MUTHOOTFIN,IOC,ADANIENSOL,CHOLAFIN,BPCL,SHREECEM,TVSMOTOR,PFC
2017-01-31,VEDL,HINDZINC,IOC,ADANIENSOL,CHOLAFIN,RECLTD,MUTHOOTFIN,BPCL,PFC,PNB
2017-02-28,VEDL,JINDALSTEL,ADANIENSOL,HINDZINC,IOC,RECLTD,MUTHOOTFIN,PNB,CANBK,BPCL
2017-03-31,VEDL,RECLTD,MUTHOOTFIN,IOC,JINDALSTEL,HINDZINC,ADANIENSOL,PNB,PFC,CANBK
2017-04-30,VEDL,ADANIENSOL,RECLTD,IOC,MUTHOOTFIN,PNB,PFC,CANBK,HINDZINC,JINDALSTEL
2017-05-31,ADANIENSOL,RECLTD,VEDL,IOC,JINDALSTEL,PNB,TVSMOTOR,MUTHOOTFIN,CANBK,PFC
2017-06-30,ADANIENSOL,RECLTD,VEDL,IOC,JINDALSTEL,TVSMOTOR,ZYDUSLIFE,HINDZINC,MOTHERSON,MUTHOOTFIN
2017-07-31,ADANIENSOL,TVSMOTOR,JINDALSTEL,VEDL,RECLTD,HINDZINC,CANBK,ZYDUSLIFE,MOTHERSON,MUTHOOTFIN
2017-08-31,ADANIENSOL,VEDL,TVSMOTOR,IOC,BAJAJHLDNG,JINDALSTEL,RECLTD,MOTHERSON,HINDZINC,BPCL
2017-09-30,ADANIENSOL,VEDL,TVSMOTOR,JINDALSTEL,MOTHERSON,GAIL,BAJAJHLDNG,IOC,SOLARINDS,HINDZINC
2017-10-31,ADANIENSOL,JINDALSTEL,TVSMOTOR,VEDL,MOTHERSON,SOLARINDS,GAIL,BRITANNIA,MUTHOOTFIN,BAJAJHLDNG
2017-11-30,ADANIENSOL,JINDALSTEL,DLF,TVSMOTOR,MOTHERSON,SOLARINDS,UNITDSPR,LTM,BRITANNIA,GAIL
2017-12-31,ADANIENSOL,JINDALSTEL,DLF,TVSMOTOR,UNITDSPR,MOTHERSON,SOLARINDS,VBL,MUTHOOTFIN,LTM
2018-01-31,JINDALSTEL,ADANIENSOL,LTM,DLF,TVSMOTOR,VBL,MOTHERSON,SOLARINDS,ABB,UNITDSPR
2018-02-28,ADANIENSOL,LTM,JINDALSTEL,VBL,TVSMOTOR,BRITANNIA,DLF,CHOLAFIN,SOLARINDS,MOTHERSON
2018-03-31,ADANIENSOL,DMART,LTM,JINDALSTEL,DIVISLAB,VBL,CHOLAFIN,BRITANNIA,TVSMOTOR,UNITDSPR
2018-04-30,LTM,JINDALSTEL,ADANIENSOL,DMART,UNITDSPR,DIVISLAB,CHOLAFIN,BRITANNIA,PIDILITIND,VBL
2018-05-31,LTM,DMART,JINDALSTEL,DIVISLAB,BRITANNIA,VBL,PIDILITIND,CHOLAFIN,UNITDSPR,SOLARINDS
2018-06-30,LTM,DMART,JINDALSTEL,BRITANNIA,DIVISLAB,VBL,UNITDSPR,BAJAJHLDNG,SOLARINDS,CHOLAFIN
2018-07-31,LTM,DMART,DIVISLAB,BRITANNIA,VBL,PIDILITIND,GAIL,ADANIENSOL,SOLARINDS,JINDALSTEL
2018-08-31,LTM,DIVISLAB,ADANIENSOL,JINDALSTEL,BRITANNIA,GODREJCP,VBL,DMART,TORNTPHARM,PIDILITIND
2018-09-30,LTM,DIVISLAB,JINDALSTEL,VBL,TORNTPHARM,BRITANNIA,PIDILITIND,DMART,GODREJCP,INDHOTEL
2018-10-31,LTM,DIVISLAB,VBL,ADANIPOWER,TORNTPHARM,PIDILITIND,BRITANNIA,GODREJCP,DMART,INDHOTEL
2018-11-30,LTM,ADANIPOWER,VBL,DIVISLAB,TORNTPHARM,PIDILITIND,DMART,BRITANNIA,ADANIENSOL,GODREJCP
2018-12-31,LTM,DIVISLAB,DMART,BRITANNIA,TORNTPHARM,INDHOTEL,GODREJCP,PIDILITIND,ADANIPOWER,VBL
2019-01-31,DIVISLAB,LTM,BRITANNIA,TORNTPHARM,PIDILITIND,ADANIPOWER,MUTHOOTFIN,VBL,DMART,INDHOTEL
2019-02-28,DIVISLAB,ADANIPOWER,MUTHOOTFIN,TORNTPHARM,PIDILITIND,VBL,BRITANNIA,LTM,BAJAJHLDNG,PFC
2019-03-31,ADANIPOWER,TORNTPHARM,DIVISLAB,MUTHOOTFIN,PFC,BAJAJHLDNG,PIDILITIND,RECLTD,VBL,LTM
2019-04-30,ADANIPOWER,DIVISLAB,MUTHOOTFIN,VBL,PFC,ADANIENSOL,TORNTPHARM,RECLTD,SHREECEM,BAJAJHLDNG
2019-05-31,ADANIPOWER,ADANIENSOL,MUTHOOTFIN,PFC,DIVISLAB,RECLTD,SHREECEM,BAJAJHLDNG,ABB,SIEMENS
2019-06-30,ADANIPOWER,PFC,MUTHOOTFIN,RECLTD,ADANIGREEN,DIVISLAB,ADANIENSOL,SHREECEM,ABB,SIEMENS
2019-07-31,ADANIPOWER,MUTHOOTFIN,DIVISLAB,RECLTD,VBL,PFC,ADANIENSOL,SHREECEM,BAJAJHLDNG,SIEMENS
2019-08-31,ADANIPOWER,MUTHOOTFIN,HDFCAMC,RECLTD,DIVISLAB,PFC,SIEMENS,VBL,PIDILITIND,BAJAJHLDNG
2019-09-30,ADANIPOWER,HDFCAMC,MUTHOOTFIN,SIEMENS,ADANIGREEN,ADANIENSOL,PIDILITIND,RECLTD,DMART,BPCL
2019-10-31,ADANIGREEN,HDFCAMC,BPCL,SIEMENS,MUTHOOTFIN,ADANIENSOL,DMART,PIDILITIND,SHREECEM,ADANIPOWER
2019-11-30,ADANIGREEN,HDFCAMC,BPCL,SIEMENS,MUTHOOTFIN,RECLTD,VBL,ADANIENSOL,PFC,SHREECEM
2019-12-31,ADANIGREEN,HDFCAMC,ADANIENSOL,MUTHOOTFIN,SIEMENS,BPCL,VBL,DLF,RECLTD,PIDILITIND
2020-01-31,ADANIGREEN,HDFCAMC,DLF,MUTHOOTFIN,ADANIENSOL,DMART,SHREECEM,SIEMENS,CHOLAFIN,VBL
2020-02-29,ADANIGREEN,HDFCAMC,MUTHOOTFIN,DMART,VBL,SHREECEM,SIEMENS,PIDILITIND,DIVISLAB,BPCL
2020-03-31,ADANIGREEN,DMART,HDFCAMC,DIVISLAB,PIDILITIND,MUTHOOTFIN,TORNTPHARM,SIEMENS,VBL,SHREECEM
2020-04-30,ADANIGREEN,DMART,HDFCAMC,MUTHOOTFIN,DIVISLAB,TORNTPHARM,PIDILITIND,VBL,BRITANNIA,BPCL
2020-05-31,ADANIGREEN,DMART,TORNTPHARM,DIVISLAB,HDFCAMC,ZYDUSLIFE,MUTHOOTFIN,BRITANNIA,PIDILITIND,UNITDSPR
2020-06-30,ADANIGREEN,MUTHOOTFIN,DMART,TORNTPHARM,ZYDUSLIFE,DIVISLAB,BRITANNIA,HDFCAMC,ADANIENSOL,HAL
2020-07-31,ADANIGREEN,MUTHOOTFIN,ZYDUSLIFE,DIVISLAB,LTM,TORNTPHARM,BRITANNIA,HAL,DMART,JINDALSTEL
2020-08-31,ADANIGREEN,CGPOWER,JINDALSTEL,DIVISLAB,MUTHOOTFIN,ZYDUSLIFE,TORNTPHARM,LTM,HAL,DMART
2020-09-30,ADANIGREEN,DIVISLAB,JINDALSTEL,MUTHOOTFIN,ZYDUSLIFE,LTM,TORNTPHARM,CGPOWER,BRITANNIA,HAL
2020-10-31,ADANIGREEN,CGPOWER,DIVISLAB,MUTHOOTFIN,LTM,ZYDUSLIFE,JINDALSTEL,TORNTPHARM,AMBUJACEM,HINDZINC
2020-11-30,ADANIGREEN,CGPOWER,DIVISLAB,LTM,ZYDUSLIFE,MUTHOOTFIN,JINDALSTEL,TORNTPHARM,AMBUJACEM,HINDZINC
2020-12-31,ADANIGREEN,CGPOWER,LTM,DIVISLAB,ZYDUSLIFE,MUTHOOTFIN,JINDALSTEL,TORNTPHARM,DMART,TATAPOWER
2021-01-31,ADANIGREEN,CGPOWER,LTM,DIVISLAB,ZYDUSLIFE,HINDZINC,JINDALSTEL,MUTHOOTFIN,ADANIENSOL,TORNTPHARM
2021-02-28,CGPOWER,ADANIGREEN,ADANIENSOL,JINDALSTEL,MOTHERSON,TATAPOWER,HINDZINC,VEDL,LTM,HAL
2021-03-31,CGPOWER,ADANIGREEN,ADANIENSOL,JINDALSTEL,VEDL,CHOLAFIN,MOTHERSON,TATAPOWER,ADANIPOWER,CUMMINSIND
2021-04-30,CGPOWER,ADANIENSOL,ADANIGREEN,JINDALSTEL,CHOLAFIN,TATAPOWER,VEDL,ADANIPOWER,LTM,MOTHERSON
2021-05-31,CGPOWER,ADANIENSOL,ADANIGREEN,CHOLAFIN,JINDALSTEL,VEDL,TATAPOWER,ADANIPOWER,MOTHERSON,ABB
2021-06-30,CGPOWER,ADANIENSOL,ADANIPOWER,ADANIGREEN,TATAPOWER,VEDL,CHOLAFIN,MOTHERSON,JINDALSTEL,CUMMINSIND
2021-07-31,CGPOWER,ADANIENSOL,VEDL,ADANIPOWER,TATAPOWER,ADANIGREEN,MOTHERSON,DLF,CHOLAFIN,JINDALSTEL
2021-08-31,ADANIENSOL,CGPOWER,ADANIPOWER,VEDL,CHOLAFIN,ADANIGREEN,TATAPOWER,CUMMINSIND,LTM,AMBUJACEM
2021-09-30,ADANIENSOL,CGPOWER,TATAPOWER,DLF,ADANIPOWER,VEDL,LTM,CHOLAFIN,CUMMINSIND,ABB
2021-10-31,ADANIENSOL,CGPOWER,TATAPOWER,VEDL,ADANIPOWER,DLF,CANBK,SOLARINDS,ABB,BANKBARODA
2021-11-30,ADANIENSOL,CGPOWER,TATAPOWER,VEDL,SOLARINDS,ADANIPOWER,LTM,DMART,DLF,ABB
2021-12-31,CGPOWER,ADANIENSOL,TATAPOWER,VEDL,SOLARINDS,LTM,ADANIPOWER,ABB,BAJAJHLDNG,DMART
2022-01-31,CGPOWER,ADANIENSOL,TATAPOWER,VEDL,ADANIPOWER,MOTHERSON,SOLARINDS,CANBK,ADANIGREEN,INDHOTEL
2022-02-28,CGPOWER,ADANIENSOL,TATAPOWER,ADANIPOWER,VEDL,SOLARINDS,INDHOTEL,UNITDSPR,LTM,ADANIGREEN
2022-03-31,CGPOWER,ADANIENSOL,TATAPOWER,INDHOTEL,SOLARINDS,ADANIPOWER,VEDL,ADANIGREEN,UNITDSPR,BAJAJHLDNG
2022-04-30,ADANIPOWER,CGPOWER,ADANIGREEN,ADANIENSOL,TATAPOWER,INDHOTEL,SOLARINDS,VEDL,HAL,VBL
2022-05-31,ADANIPOWER,TATAPOWER,CGPOWER,HAL,INDHOTEL,SOLARINDS,VBL,LODHA,ADANIGREEN,BAJAJHLDNG
2022-06-30,CGPOWER,ADANIENSOL,ADANIPOWER,HAL,SOLARINDS,ADANIGREEN,TATAPOWER,INDHOTEL,VBL,LODHA
2022-07-31,ADANIENSOL,ADANIPOWER,CGPOWER,ADANIGREEN,INDHOTEL,HAL,TATAPOWER,VBL,SOLARINDS,ABB
2022-08-31,ADANIPOWER,CGPOWER,ADANIENSOL,ADANIGREEN,INDHOTEL,SOLARINDS,TVSMOTOR,TATAPOWER,VBL,BANKBARODA
2022-09-30,ADANIPOWER,ADANIENSOL,MAZDOCK,ADANIGREEN,CGPOWER,TVSMOTOR,INDHOTEL,SOLARINDS,HAL,VBL
2022-10-31,ADANIPOWER,MAZDOCK,HAL,ADANIENSOL,VBL,ADANIGREEN,CGPOWER,INDHOTEL,TVSMOTOR,SOLARINDS
2022-11-30,MAZDOCK,ADANIPOWER,HAL,VBL,UNIONBANK,BANKBARODA,CGPOWER,INDHOTEL,CUMMINSIND,CANBK
2022-12-31,ADANIPOWER,MAZDOCK,BANKBARODA,VBL,HAL,UNIONBANK,SOLARINDS,INDHOTEL,TVSMOTOR,CANBK
2023-01-31,MAZDOCK,ADANIPOWER,VBL,HAL,UNIONBANK,SOLARINDS,CGPOWER,TVSMOTOR,BANKBARODA,CUMMINSIND
2023-02-28,MAZDOCK,VBL,HAL,CGPOWER,TVSMOTOR,UNIONBANK,SOLARINDS,CUMMINSIND,INDHOTEL,BANKBARODA
2023-03-31,MAZDOCK,VBL,HAL,UNIONBANK,TVSMOTOR,CGPOWER,ABB,BANKBARODA,CUMMINSIND,PFC
2023-04-30,MAZDOCK,UNIONBANK,VBL,HAL,TVSMOTOR,BANKBARODA,ABB,CGPOWER,PFC,RECLTD
2023-05-31,MAZDOCK,VBL,CGPOWER,UNIONBANK,BANKBARODA,TVSMOTOR,RECLTD,PFC,CUMMINSIND,HAL
2023-06-30,MAZDOCK,PFC,HAL,UNIONBANK,VBL,BANKBARODA,RECLTD,CGPOWER,CUMMINSIND,ABB
2023-07-31,MAZDOCK,PFC,UNIONBANK,RECLTD,PNB,HAL,IRFC,ZYDUSLIFE,VBL,CGPOWER
2023-08-31,MAZDOCK,IRFC,RECLTD,PFC,UNIONBANK,CGPOWER,PNB,VBL,HAL,ZYDUSLIFE
2023-09-30,MAZDOCK,IRFC,RECLTD,PFC,UNIONBANK,PNB,CGPOWER,VBL,LODHA,CANBK
2023-10-31,IRFC,RECLTD,MAZDOCK,PFC,UNIONBANK,VBL,PNB,CHOLAFIN,LODHA,CGPOWER
2023-11-30,RECLTD,PFC,IRFC,MAZDOCK,LODHA,TVSMOTOR,VBL,HAL,SOLARINDS,CGPOWER
2023-12-31,RECLTD,PFC,IRFC,MAZDOCK,HAL,DLF,LODHA,TVSMOTOR,VBL,IOC
2024-01-31,IRFC,RECLTD,PFC,MAZDOCK,ADANIPOWER,HAL,DLF,VBL,PNB,LODHA
2024-02-29,IRFC,RECLTD,ADANIGREEN,ADANIPOWER,PFC,MAZDOCK,LODHA,DLF,PNB,HAL
2024-03-31,IRFC,RECLTD,PFC,MAZDOCK,ADANIPOWER,PNB,DLF,HAL,LODHA,UNIONBANK
2024-04-30,IRFC,RECLTD,PFC,MAZDOCK,PNB,HAL,ADANIPOWER,LODHA,SOLARINDS,HDFCAMC
2024-05-31,IRFC,RECLTD,MAZDOCK,PFC,HAL,ADANIPOWER,LODHA,PNB,SOLARINDS,HINDZINC
2024-06-30,IRFC,MAZDOCK,RECLTD,PFC,ADANIPOWER,HAL,SOLARINDS,PNB,HINDZINC,MOTHERSON
2024-07-31,IRFC,RECLTD,SOLARINDS,MAZDOCK,PFC,ADANIPOWER,HAL,IOC,GAIL,HINDZINC
2024-08-31,IRFC,PFC,RECLTD,HAL,MAZDOCK,BPCL,CUMMINSIND,SOLARINDS,IOC,VEDL
2024-09-30,VEDL,SOLARINDS,HAL,BPCL,CUMMINSIND,MOTHERSON,IOC,IRFC,PFC,BOSCHLTD
2024-10-31,VEDL,HAL,IRFC,CUMMINSIND,MAZDOCK,SIEMENS,HINDZINC,MOTHERSON,BPCL,PFC
2024-11-30,MAZDOCK,VEDL,SIEMENS,IRFC,HAL,INDHOTEL,CUMMINSIND,HINDZINC,MOTHERSON,SOLARINDS
2024-12-31,INDHOTEL,MAZDOCK,VEDL,CUMMINSIND,SIEMENS,CGPOWER,DIVISLAB,BAJAJHLDNG,BOSCHLTD,MOTHERSON
2025-01-31,MAZDOCK,VEDL,MUTHOOTFIN,SOLARINDS,INDHOTEL,DIVISLAB,HINDZINC,SIEMENS,BAJAJHLDNG,CGPOWER
2025-02-28,MAZDOCK,MUTHOOTFIN,VEDL,DIVISLAB,HINDZINC,SOLARINDS,CGPOWER,CHOLAFIN,BAJAJHLDNG,INDHOTEL
2025-03-31,MAZDOCK,VEDL,DIVISLAB,HINDZINC,MUTHOOTFIN,BAJAJHLDNG,INDHOTEL,CHOLAFIN,SOLARINDS,HAL
2025-04-30,MAZDOCK,DIVISLAB,BAJAJHLDNG,SOLARINDS,INDHOTEL,UNITDSPR,TVSMOTOR,MUTHOOTFIN,TORNTPHARM,CHOLAFIN
2025-05-31,MAZDOCK,SOLARINDS,BAJAJHLDNG,DIVISLAB,INDHOTEL,MUTHOOTFIN,UNITDSPR,CHOLAFIN,TVSMOTOR,HDFCAMC
2025-06-30,SOLARINDS,BAJAJHLDNG,MAZDOCK,DIVISLAB,MUTHOOTFIN,HDFCAMC,TVSMOTOR,TORNTPHARM,INDHOTEL,UNIONBANK
2025-07-31,BAJAJHLDNG,MUTHOOTFIN,HDFCAMC,DIVISLAB,SOLARINDS,TORNTPHARM,BOSCHLTD,INDHOTEL,SHREECEM,TVSMOTOR
2025-08-31,MUTHOOTFIN,SOLARINDS,BAJAJHLDNG,HDFCAMC,BOSCHLTD,MAZDOCK,DIVISLAB,INDHOTEL,TVSMOTOR,SHREECEM
2025-09-30,MUTHOOTFIN,MAZDOCK,HDFCAMC,TVSMOTOR,BAJAJHLDNG,UNIONBANK,SOLARINDS,CANBK,SHREECEM,ADANIPOWER
2025-10-31,MUTHOOTFIN,TVSMOTOR,CANBK,SOLARINDS,HYUNDAI,MAZDOCK,CHOLAFIN,ADANIPOWER,UNIONBANK,PNB
2025-11-30,MUTHOOTFIN,CANBK,TVSMOTOR,CHOLAFIN,ADANIPOWER,CUMMINSIND,UNIONBANK,BPCL,HDFCAMC,VEDL
2025-12-31,MUTHOOTFIN,CANBK,TVSMOTOR,CHOLAFIN,VEDL,HINDZINC,BPCL,CUMMINSIND,ADANIPOWER,UNIONBANK
2026-01-31,MUTHOOTFIN,CANBK,VEDL,UNIONBANK,TVSMOTOR,BANKBARODA,BPCL,CUMMINSIND,JINDALSTEL,HINDZINC
2026-02-28,CANBK,VEDL,UNIONBANK,CUMMINSIND,TVSMOTOR,IOC,BPCL,MOTHERSON,BANKBARODA,MUTHOOTFIN
2026-03-31,VEDL,CUMMINSIND,ADANIPOWER,CANBK,TVSMOTOR,UNIONBANK,MUTHOOTFIN,TORNTPHARM,JINDALSTEL,MOTHERSON
2026-04-30,ADANIPOWER,CUMMINSIND,MUTHOOTFIN,ADANIENSOL,CANBK,HINDZINC,MOTHERSON,JINDALSTEL,UNIONBANK,ADANIGREEN
2026-05-31,ADANIPOWER,CUMMINSIND,ADANIENSOL,MUTHOOTFIN,ADANIGREEN,MOTHERSON,HINDZINC,TORNTPHARM,CGPOWER,JINDALSTEL
2026-06-30,ADANIPOWER,ADANIENSOL,CUMMINSIND,ADANIGREEN,MOTHERSON,CGPOWER,TORNTPHARM,ENRIN,BOSCHLTD,HINDZINC
