,Composite top quintile (net),Composite bottom quintile,Equal-weight universe,Nifty 50
2017-10-31,1.0163,1.0321,1.031,0.9895
2017-11-30,1.073,1.0784,1.0839,1.0189
2017-12-31,1.0534,1.0304,1.0691,1.067
2018-01-31,1.0272,0.9589,1.0311,1.0152
2018-02-28,0.9985,0.8549,0.9704,0.9786
2018-03-31,1.0861,0.8982,1.0365,1.0391
2018-04-30,1.0734,0.8304,0.9856,1.0388
2018-05-31,1.0463,0.7622,0.9344,1.0367
2018-06-30,1.1012,0.8173,0.9725,1.0988
2018-07-31,1.1585,0.8464,1.0197,1.1302
2018-08-31,1.0481,0.7182,0.8988,1.0576
2018-09-30,1.0008,0.7616,0.898,1.005
2018-10-31,1.0148,0.7542,0.9128,1.0524
2018-11-30,1.0281,0.7985,0.9385,1.051
2018-12-31,1.0273,0.7414,0.8967,1.048
2019-01-31,1.0147,0.7477,0.8915,1.0442
2019-02-28,1.0755,0.8268,0.9669,1.1195
2019-03-31,1.0926,0.8155,0.9586,1.1367
2019-04-30,1.1102,0.8119,0.9801,1.1536
2019-05-31,1.1027,0.7502,0.9451,1.1406
2019-06-30,1.018,0.6501,0.8561,1.0757
2019-07-31,1.0322,0.6147,0.8465,1.0666
2019-08-31,1.0833,0.6627,0.898,1.1102
2019-09-30,1.1314,0.6887,0.93,1.1492
2019-10-31,1.1295,0.7221,0.9397,1.1665
2019-11-30,1.1534,0.7227,0.9444,1.1774
2019-12-31,1.2353,0.7446,0.9854,1.1574
2020-01-31,1.2244,0.672,0.9137,1.0838
2020-02-29,0.9225,0.4501,0.6566,0.8319
2020-03-31,1.0452,0.5801,0.7724,0.954
2020-04-30,1.0567,0.5674,0.7633,0.9269
2020-05-31,1.1484,0.7369,0.901,0.9968
2020-06-30,1.2488,0.7437,0.9386,1.0714
2020-07-31,1.2987,0.8716,1.0329,1.1018
2020-08-31,1.3666,0.8352,1.0383,1.0883
2020-09-30,1.3918,0.853,1.0602,1.1265
2020-10-31,1.5145,1.0165,1.1969,1.2548
2020-11-30,1.6004,1.1367,1.3114,1.3528
2020-12-31,1.6057,1.1317,1.328,1.3192
2021-01-31,1.7199,1.3228,1.4904,1.4058
2021-02-28,1.7785,1.2768,1.5138,1.4214
2021-03-31,1.7991,1.3225,1.5641,1.4156
2021-04-30,1.9913,1.52,1.7412,1.5077
2021-05-31,2.0985,1.7291,1.8729,1.5211
2021-06-30,2.1836,1.7697,1.9569,1.5252
2021-07-31,2.2573,1.678,1.9482,1.6576
2021-08-31,2.3513,1.8219,2.0878,1.7047
2021-09-30,2.3611,1.8238,2.1041,1.7098
2021-10-31,2.3405,1.794,2.0654,1.6432
2021-11-30,2.4649,1.8718,2.1554,1.6791
2021-12-31,2.4221,1.9135,2.194,1.6777
2022-01-31,2.2882,1.7107,2.0404,1.6249
2022-02-28,2.4398,1.7918,2.1613,1.6898
2022-03-31,2.4655,1.9145,2.2511,1.6548
2022-04-30,2.4087,1.7524,2.122,1.6047
2022-05-31,2.3498,1.6318,2.007,1.5268
2022-06-30,2.5503,1.8075,2.2165,1.6602
2022-07-31,2.7375,1.9419,2.3808,1.7183
2022-08-31,2.7546,1.8703,2.353,1.654
2022-09-30,2.8427,1.8828,2.4095,1.7428
2022-10-31,2.8771,1.9625,2.5104,1.815
2022-11-30,2.8012,1.997,2.5001,1.7518
2022-12-31,2.7243,1.9277,2.4375,1.7089
2023-01-31,2.669,1.8033,2.3429,1.6743
2023-02-28,2.7135,1.7922,2.3422,1.6797
2023-03-31,2.8453,1.9817,2.5168,1.7479
2023-04-30,2.972,2.0871,2.6491,1.7933
2023-05-31,3.1895,2.2167,2.8267,1.8567
2023-06-30,3.4145,2.3256,3.0311,1.9113
2023-07-31,3.4871,2.4682,3.1789,1.8629
2023-08-31,3.6409,2.571,3.2993,1.9001
2023-09-30,3.5487,2.4982,3.2394,1.8461
2023-10-31,3.9322,2.7324,3.5299,1.948
2023-11-30,4.224,3.0136,3.7983,2.1026
2023-12-31,4.4448,3.2101,4.019,2.1021
2024-01-31,4.5726,3.1264,4.0146,2.127
2024-02-29,4.5042,2.9189,3.8979,2.1603
2024-03-31,4.7424,3.3084,4.2576,2.1871
2024-04-30,4.9404,3.2412,4.283,2.18
2024-05-31,5.2252,3.6051,4.6906,2.3232
2024-06-30,5.6124,3.9257,5.0041,2.4142
2024-07-31,5.781,3.8384,5.0414,2.4417
2024-08-31,5.9224,3.7585,5.0946,2.4973
2024-09-30,5.519,3.538,4.8163,2.342
2024-10-31,5.4985,3.5269,4.793,2.3348
2024-11-30,5.615,3.4934,4.7516,2.2878
2024-12-31,5.043,3.3033,4.4299,2.2746
2025-01-31,4.649,2.7791,3.8953,2.1407
2025-02-28,5.0342,2.9647,4.1892,2.2756
2025-03-31,5.1558,3.11,4.3436,2.3545
2025-04-30,5.2784,3.5325,4.6973,2.3948
2025-05-31,5.562,3.6681,4.8632,2.4689
2025-06-30,5.5781,3.4423,4.7687,2.3965
2025-07-31,5.4799,3.3463,4.6465,2.3634
2025-08-31,5.5116,3.4201,4.7063,2.3813
2025-09-30,5.752,3.5331,4.8482,2.4888
2025-10-31,5.7818,3.3627,4.7465,2.5353
2025-11-30,5.8687,3.2638,4.6991,2.5282
2025-12-31,5.7787,2.9927,4.4841,2.4499
2026-01-31,5.9824,2.9498,4.521,2.4362
2026-02-28,5.2753,2.5314,3.9923,2.1607
2026-03-31,5.8261,3.1786,4.6867,2.3219
2026-04-30,5.9628,3.1633,4.7294,2.2784
2026-05-31,6.1088,3.2431,4.8414,2.3091
2026-06-30,6.0834,3.3607,4.9157,2.3593
2026-07-31,6.244,3.4009,4.9978,2.3299
2026-08-31,5.9284,3.2246,4.7534,2.1887
2026-09-30,5.9238,3.2009,4.7375,2.2037
