Factor,IC 1m,IC std,ICIR (ann.),t-stat,% months IC>0,months,IC 1st half,IC 2nd half,IC 3m,IC 6m
Composite (Mom+52wH+LowVol),0.053,0.1876,0.9788,2.9363,65.7407,108,0.0555,0.0505,0.0751,0.0854
Momentum 12-1m,0.0514,0.1497,1.1895,3.5686,66.6667,108,0.054,0.0488,0.0758,0.0777
Near 52-week high,0.0372,0.1775,0.7266,2.21,64.8649,111,0.0344,0.04,0.0637,0.0902
Momentum 6-1m,0.0348,0.1297,0.9296,2.8652,63.1579,114,0.0391,0.0305,0.0605,0.0842
Trend (price/200DMA),0.0294,0.1528,0.6666,2.0365,59.8214,112,0.0269,0.0319,0.0618,0.0924
Low MAX (lottery),0.0165,0.0971,0.5892,1.8555,58.8235,119,0.0323,0.001,0.0009,-0.0084
Low volatility (3m),0.0158,0.1596,0.3421,1.0729,51.6949,118,0.0311,0.0004,0.0067,-0.0008
Short-term reversal,0.0154,0.111,0.4811,1.5151,56.3025,119,0.03,0.0011,-0.0076,-0.0278
Low beta (1y),0.0135,0.1607,0.2913,0.886,51.3514,111,0.0348,-0.0074,0.0186,0.0298
