Universe,Horizon,Stop %,trades,% stopped out,Avg return hold %,Avg return stop %,Median hold %,Median stop %,Worst 5% hold %,Worst 5% stop %,Worst 1% hold %,Worst 1% stop %,% trades stop beat hold,"Whipsaw % (stopped, hold did better)",Avg gap below stop %,Worst gap below stop %
All stocks,6m,10,48152,93.58,12.34,6.62,4.62,-0.95,-32.82,-9.98,-49.59,-12.85,45.22,51.57,-1.63,-38.93
All stocks,6m,15,48152,75.66,12.34,8.62,4.62,-1.36,-32.82,-15.08,-49.59,-18.09,36.06,52.07,-1.8,-36.82
All stocks,6m,20,48152,54.6,12.34,10.2,4.62,0.07,-32.82,-20.14,-49.59,-23.2,25.6,52.58,-2.01,-32.92
All stocks,6m,25,48152,36.93,12.34,10.94,4.62,2.22,-32.82,-24.98,-49.59,-27.87,16.61,54.38,-2.21,-28.45
All stocks,6m,30,48152,24.35,12.34,11.35,4.62,3.27,-32.82,-29.71,-49.59,-32.83,10.42,56.41,-2.65,-25.98
All stocks,6m,40,48152,10.01,12.34,11.66,4.62,4.17,-32.82,-37.0,-49.59,-41.82,3.79,60.85,-3.41,-26.23
All stocks,12m,10,44896,99.14,29.71,11.84,10.4,2.46,-41.08,-7.07,-59.78,-10.16,46.55,53.02,-1.63,-38.93
All stocks,12m,15,44896,92.7,29.71,15.79,10.4,1.18,-41.08,-12.39,-59.78,-15.6,43.88,52.6,-1.78,-36.82
All stocks,12m,20,44896,79.31,29.71,20.21,10.4,0.37,-41.08,-17.85,-59.78,-21.12,37.65,52.36,-1.98,-32.92
All stocks,12m,25,44896,64.06,29.71,22.73,10.4,0.91,-41.08,-23.21,-59.78,-26.25,29.76,53.36,-2.13,-28.45
All stocks,12m,30,44896,49.63,29.71,24.35,10.4,2.34,-41.08,-28.53,-59.78,-31.67,21.72,55.98,-2.47,-30.24
All stocks,12m,40,44896,26.53,29.71,26.04,10.4,6.14,-41.08,-38.38,-59.78,-41.67,9.99,62.09,-3.02,-26.37
All stocks,24m,10,38467,99.96,79.25,22.6,34.51,9.6,-48.71,-1.04,-70.9,-4.39,38.75,61.23,-1.65,-23.08
All stocks,24m,15,38467,99.14,79.25,28.51,34.51,8.69,-48.71,-6.71,-70.9,-10.22,40.44,59.21,-1.81,-34.98
All stocks,24m,20,38467,95.2,79.25,36.76,34.51,7.69,-48.71,-12.56,-70.9,-16.09,39.92,58.04,-1.98,-32.92
All stocks,24m,25,38467,87.23,79.25,42.72,34.51,7.02,-48.71,-18.41,-70.9,-22.06,36.52,58.06,-2.15,-28.45
All stocks,24m,30,38467,75.87,79.25,48.58,34.51,7.01,-48.71,-24.47,-70.9,-28.29,30.53,59.64,-2.48,-24.81
All stocks,24m,40,38467,51.11,79.25,56.86,34.51,13.34,-48.71,-35.98,-70.9,-39.72,18.25,64.12,-2.9,-26.37
Momentum top 20%,6m,10,9317,95.48,16.29,7.69,6.4,-0.64,-32.86,-10.32,-48.89,-13.6,44.24,53.56,-1.86,-20.22
Momentum top 20%,6m,15,9317,80.77,16.29,10.59,6.4,-1.0,-32.86,-15.2,-48.89,-18.62,36.88,54.13,-2.02,-25.87
Momentum top 20%,6m,20,9317,61.29,16.29,13.02,6.4,0.27,-32.86,-20.32,-48.89,-23.48,27.87,54.13,-2.22,-22.55
Momentum top 20%,6m,25,9317,42.8,16.29,14.23,6.4,3.09,-32.86,-25.03,-48.89,-28.22,18.69,55.77,-2.34,-19.77
Momentum top 20%,6m,30,9317,29.03,16.29,14.66,6.4,4.49,-32.86,-29.75,-48.89,-33.23,11.73,58.67,-2.78,-24.81
Momentum top 20%,6m,40,9317,11.73,16.29,15.53,6.4,5.83,-32.86,-37.27,-48.89,-41.85,4.05,63.95,-3.37,-22.25
Momentum top 20%,12m,10,8686,99.57,35.85,12.04,12.69,2.78,-40.88,-7.43,-58.86,-10.9,44.78,55.0,-1.86,-20.22
Momentum top 20%,12m,15,8686,94.75,35.85,17.39,12.69,1.96,-40.88,-12.53,-58.86,-16.34,44.11,53.41,-2.03,-25.87
Momentum top 20%,12m,20,8686,83.65,35.85,23.84,12.69,1.43,-40.88,-17.95,-58.86,-21.49,39.55,52.59,-2.23,-22.55
Momentum top 20%,12m,25,8686,70.22,35.85,27.46,12.69,2.54,-40.88,-23.33,-58.86,-26.61,32.94,52.98,-2.31,-19.77
Momentum top 20%,12m,30,8686,56.85,35.85,28.64,12.69,3.53,-40.88,-28.55,-58.86,-31.83,24.97,55.85,-2.69,-24.81
Momentum top 20%,12m,40,8686,31.63,35.85,31.52,12.69,8.05,-40.88,-38.37,-58.86,-41.27,11.77,62.58,-3.06,-23.26
Momentum top 20%,24m,10,7428,100.0,80.76,20.47,38.03,9.94,-49.09,-1.48,-71.71,-5.2,37.9,62.1,-1.88,-20.22
Momentum top 20%,24m,15,7428,99.7,80.76,27.97,38.03,9.76,-49.09,-6.84,-71.71,-10.86,40.99,58.87,-2.07,-19.84
Momentum top 20%,24m,20,7428,97.37,80.76,38.79,38.03,9.38,-49.09,-12.63,-71.71,-16.42,42.16,56.64,-2.29,-22.55
Momentum top 20%,24m,25,7428,91.3,80.76,45.85,38.03,9.37,-49.09,-18.41,-71.71,-21.92,40.04,56.05,-2.41,-18.58
Momentum top 20%,24m,30,7428,83.24,80.76,47.72,38.03,8.02,-49.09,-24.1,-71.71,-28.09,35.26,57.51,-2.71,-24.81
Momentum top 20%,24m,40,7428,58.98,80.76,57.71,38.03,14.46,-49.09,-35.47,-71.71,-39.2,22.04,62.45,-2.91,-22.25
